"dataset_id","size","orog","sftlf"
"cordex.output.AFR-22.CLMcom-KIT.ECMWF-ERAINT.evaluation.r0i0p0.CCLM5-0-15.v1.fx",385838,true,true
"cordex.output.AFR-22.CLMcom-KIT.MOHC-HadGEM2-ES.historical.r0i0p0.CCLM5-0-15.v1.fx",385844,true,true
"cordex.output.AFR-22.CLMcom-KIT.MOHC-HadGEM2-ES.rcp26.r0i0p0.CCLM5-0-15.v1.fx",385824,true,true
"cordex.output.AFR-22.CLMcom-KIT.MOHC-HadGEM2-ES.rcp85.r0i0p0.CCLM5-0-15.v1.fx",385824,true,true
"cordex.output.AFR-22.CLMcom-KIT.MPI-M-MPI-ESM-LR.historical.r0i0p0.CCLM5-0-15.v1.fx",385846,true,true
"cordex.output.AFR-22.CLMcom-KIT.MPI-M-MPI-ESM-LR.rcp26.r0i0p0.CCLM5-0-15.v1.fx",385826,true,true
"cordex.output.AFR-22.CLMcom-KIT.MPI-M-MPI-ESM-LR.rcp85.r0i0p0.CCLM5-0-15.v1.fx",385826,true,true
"cordex.output.AFR-22.CLMcom-KIT.NCC-NorESM1-M.historical.r0i0p0.CCLM5-0-15.v1.fx",385840,true,true
"cordex.output.AFR-22.CLMcom-KIT.NCC-NorESM1-M.rcp26.r0i0p0.CCLM5-0-15.v1.fx",87096,true,true
"cordex.output.AFR-22.CLMcom-KIT.NCC-NorESM1-M.rcp85.r0i0p0.CCLM5-0-15.v1.fx",385820,true,true
"cordex.output.AFR-22.GERICS.ECMWF-ERAINT.evaluation.r0i0p0.REMO2015.v1.fx",671561,true,true
"cordex.output.AFR-22.GERICS.MOHC-HadGEM2-ES.historical.r0i0p0.REMO2015.v1.fx",671561,true,true
"cordex.output.AFR-22.GERICS.MOHC-HadGEM2-ES.rcp26.r0i0p0.REMO2015.v1.fx",671561,true,true
"cordex.output.AFR-22.GERICS.MOHC-HadGEM2-ES.rcp85.r0i0p0.REMO2015.v1.fx",671561,true,true
"cordex.output.AFR-22.GERICS.MPI-M-MPI-ESM-LR.historical.r0i0p0.REMO2015.v1.fx",671561,true,true
"cordex.output.AFR-22.GERICS.MPI-M-MPI-ESM-LR.rcp26.r0i0p0.REMO2015.v1.fx",671561,true,true
"cordex.output.AFR-22.GERICS.MPI-M-MPI-ESM-LR.rcp85.r0i0p0.REMO2015.v1.fx",671561,true,true
"cordex.output.AFR-22.GERICS.NCC-NorESM1-M.historical.r0i0p0.REMO2015.v1.fx",671561,true,true
"cordex.output.AFR-22.GERICS.NCC-NorESM1-M.rcp26.r0i0p0.REMO2015.v1.fx",671561,true,true
"cordex.output.AFR-22.GERICS.NCC-NorESM1-M.rcp85.r0i0p0.REMO2015.v1.fx",671561,true,true
"cordex.output.AFR-22.ICTP.ECMWF-ERAINT.evaluation.r1i1p1.RegCM4-7.v0.fx",5170334,true,true
"cordex.output.AFR-22.ICTP.MOHC-HadGEM2-ES.historical.r1i1p1.RegCM4-7.v0.fx",5164800,true,true
"cordex.output.AFR-22.ICTP.MOHC-HadGEM2-ES.rcp26.r1i1p1.RegCM4-7.v0.fx",5164805,true,true
"cordex.output.AFR-22.ICTP.MOHC-HadGEM2-ES.rcp85.r1i1p1.RegCM4-7.v0.fx",5164805,true,true
"cordex.output.AFR-22.ICTP.MPI-M-MPI-ESM-MR.historical.r1i1p1.RegCM4-7.v0.fx",5164796,true,true
"cordex.output.AFR-22.ICTP.MPI-M-MPI-ESM-MR.rcp26.r1i1p1.RegCM4-7.v0.fx",5168899,true,true
"cordex.output.AFR-22.ICTP.MPI-M-MPI-ESM-MR.rcp85.r1i1p1.RegCM4-7.v0.fx",5168899,true,true
"cordex.output.AFR-22.ICTP.NCC-NorESM1-M.historical.r1i1p1.RegCM4-7.v0.fx",5164790,true,true
"cordex.output.AFR-22.ICTP.NCC-NorESM1-M.rcp26.r1i1p1.RegCM4-7.v0.fx",5168889,true,true
"cordex.output.AFR-22.ICTP.NCC-NorESM1-M.rcp85.r1i1p1.RegCM4-7.v0.fx",5168889,true,true
"cordex.output.AFR-44.CLMcom.CNRM-CERFACS-CNRM-CM5.historical.r0i0p0.CCLM4-8-17.v1.fx",463899,true,true
"cordex.output.AFR-44.CLMcom.CNRM-CERFACS-CNRM-CM5.rcp45.r0i0p0.CCLM4-8-17.v1.fx",463879,true,true
"cordex.output.AFR-44.CLMcom.CNRM-CERFACS-CNRM-CM5.rcp85.r0i0p0.CCLM4-8-17.v1.fx",463879,true,true
"cordex.output.AFR-44.CLMcom.ECMWF-ERAINT.evaluation.r0i0p0.CCLM4-8-17.v1.fx",463897,true,true
"cordex.output.AFR-44.CLMcom.ICHEC-EC-EARTH.historical.r0i0p0.CCLM4-8-17.v1.fx",463899,true,true
"cordex.output.AFR-44.CLMcom.ICHEC-EC-EARTH.rcp45.r0i0p0.CCLM4-8-17.v1.fx",463879,true,true
"cordex.output.AFR-44.CLMcom.ICHEC-EC-EARTH.rcp85.r0i0p0.CCLM4-8-17.v1.fx",463879,true,true
"cordex.output.AFR-44.CLMcom.MOHC-HadGEM2-ES.historical.r0i0p0.CCLM4-8-17.v1.fx",463899,true,true
"cordex.output.AFR-44.CLMcom.MOHC-HadGEM2-ES.rcp45.r0i0p0.CCLM4-8-17.v1.fx",463879,true,true
"cordex.output.AFR-44.CLMcom.MOHC-HadGEM2-ES.rcp85.r0i0p0.CCLM4-8-17.v1.fx",463879,true,true
"cordex.output.AFR-44.CLMcom.MPI-M-MPI-ESM-LR.historical.r0i0p0.CCLM4-8-17.v1.fx",463899,true,true
"cordex.output.AFR-44.CLMcom.MPI-M-MPI-ESM-LR.rcp45.r0i0p0.CCLM4-8-17.v1.fx",463879,true,true
"cordex.output.AFR-44.CLMcom.MPI-M-MPI-ESM-LR.rcp85.r0i0p0.CCLM4-8-17.v1.fx",463879,true,true
"cordex.output.AFR-44.DMI.ECMWF-ERAINT.evaluation.r1i1p1.HIRHAM5.v2.fx",147488,true,true
"cordex.output.AFR-44.DMI.ICHEC-EC-EARTH.historical.r3i1p1.HIRHAM5.v2.fx",147596,true,true
"cordex.output.AFR-44.DMI.ICHEC-EC-EARTH.rcp45.r3i1p1.HIRHAM5.v2.fx",147559,true,true
"cordex.output.AFR-44.DMI.ICHEC-EC-EARTH.rcp85.r3i1p1.HIRHAM5.v2.fx",147488,true,true
"cordex.output.AFR-44.GERICS.IPSL-IPSL-CM5A-LR.historical.r0i0p0.REMO2009.v1.fx",249005,true,true
"cordex.output.AFR-44.GERICS.IPSL-IPSL-CM5A-LR.rcp26.r0i0p0.REMO2009.v1.fx",248985,true,true
"cordex.output.AFR-44.GERICS.IPSL-IPSL-CM5A-LR.rcp85.r0i0p0.REMO2009.v1.fx",248985,true,true
"cordex.output.AFR-44.GERICS.MIROC-MIROC5.historical.r0i0p0.REMO2009.v1.fx",249005,true,true
"cordex.output.AFR-44.GERICS.MIROC-MIROC5.rcp26.r0i0p0.REMO2009.v1.fx",248985,true,true
"cordex.output.AFR-44.GERICS.MIROC-MIROC5.rcp85.r0i0p0.REMO2009.v1.fx",248985,true,true
"cordex.output.AFR-44.GERICS.MOHC-HadGEM2-ES.historical.r0i0p0.REMO2009.v1.fx",249005,true,true
"cordex.output.AFR-44.GERICS.MOHC-HadGEM2-ES.rcp26.r0i0p0.REMO2009.v1.fx",248985,true,true
"cordex.output.AFR-44.GERICS.MOHC-HadGEM2-ES.rcp85.r0i0p0.REMO2009.v1.fx",248985,true,true
"cordex.output.AFR-44.GERICS.NOAA-GFDL-GFDL-ESM2G.historical.r0i0p0.REMO2009.v1.fx",249005,true,true
"cordex.output.AFR-44.GERICS.NOAA-GFDL-GFDL-ESM2G.rcp26.r0i0p0.REMO2009.v1.fx",248985,true,true
"cordex.output.AFR-44.KNMI.ECMWF-ERAINT.evaluation.r1i1p1.RACMO22T.v1.fx",160825,true,true
"cordex.output.AFR-44.KNMI.ICHEC-EC-EARTH.historical.r12i1p1.RACMO22T.v1.fx",161171,true,true
"cordex.output.AFR-44.KNMI.ICHEC-EC-EARTH.historical.r1i1p1.RACMO22T.v1.fx",160785,true,true
"cordex.output.AFR-44.KNMI.ICHEC-EC-EARTH.rcp26.r12i1p1.RACMO22T.v1.fx",161143,true,true
"cordex.output.AFR-44.KNMI.ICHEC-EC-EARTH.rcp45.r1i1p1.RACMO22T.v1.fx",160757,true,true
"cordex.output.AFR-44.KNMI.ICHEC-EC-EARTH.rcp85.r1i1p1.RACMO22T.v1.fx",160757,true,true
"cordex.output.AFR-44.KNMI.MOHC-HadGEM2-ES.historical.r1i1p1.RACMO22T.v2.fx",161173,true,true
"cordex.output.AFR-44.KNMI.MOHC-HadGEM2-ES.rcp26.r1i1p1.RACMO22T.v2.fx",161145,true,true
"cordex.output.AFR-44.KNMI.MOHC-HadGEM2-ES.rcp45.r1i1p1.RACMO22T.v2.fx",161145,true,true
"cordex.output.AFR-44.KNMI.MOHC-HadGEM2-ES.rcp85.r1i1p1.RACMO22T.v2.fx",161145,true,true
"cordex.output.AFR-44.MPI-CSC.ECMWF-ERAINT.evaluation.r0i0p0.REMO2009.v1.fx",249009,true,true
"cordex.output.AFR-44.MPI-CSC.ICHEC-EC-EARTH.historical.r0i0p0.REMO2009.v1.fx",249009,true,true
"cordex.output.AFR-44.MPI-CSC.ICHEC-EC-EARTH.rcp26.r0i0p0.REMO2009.v1.fx",248989,true,true
"cordex.output.AFR-44.MPI-CSC.ICHEC-EC-EARTH.rcp45.r0i0p0.REMO2009.v1.fx",248989,true,true
"cordex.output.AFR-44.MPI-CSC.ICHEC-EC-EARTH.rcp85.r0i0p0.REMO2009.v1.fx",248989,true,true
"cordex.output.AFR-44.MPI-CSC.MPI-M-MPI-ESM-LR.historical.r0i0p0.REMO2009.v1.fx",486628,true,true
"cordex.output.AFR-44.MPI-CSC.MPI-M-MPI-ESM-LR.rcp26.r0i0p0.REMO2009.v1.fx",486628,true,true
"cordex.output.AFR-44.MPI-CSC.MPI-M-MPI-ESM-LR.rcp45.r0i0p0.REMO2009.v1.fx",486628,true,true
"cordex.output.AFR-44.MPI-CSC.MPI-M-MPI-ESM-LR.rcp85.r0i0p0.REMO2009.v1.fx",486628,true,true
"cordex.output.AFR-44.SMHI.CCCma-CanESM2.historical.r0i0p0.RCA4.v1.fx",174998,true,true
"cordex.output.AFR-44.SMHI.CCCma-CanESM2.rcp45.r0i0p0.RCA4.v1.fx",174970,true,true
"cordex.output.AFR-44.SMHI.CCCma-CanESM2.rcp85.r0i0p0.RCA4.v1.fx",174970,true,true
"cordex.output.AFR-44.SMHI.CNRM-CERFACS-CNRM-CM5.historical.r0i0p0.RCA4.v1.fx",175030,true,true
"cordex.output.AFR-44.SMHI.CNRM-CERFACS-CNRM-CM5.rcp45.r0i0p0.RCA4.v1.fx",175002,true,true
"cordex.output.AFR-44.SMHI.CNRM-CERFACS-CNRM-CM5.rcp85.r0i0p0.RCA4.v1.fx",175002,true,true
"cordex.output.AFR-44.SMHI.CSIRO-QCCCE-CSIRO-Mk3-6-0.historical.r0i0p0.RCA4.v1.fx",175054,true,true
"cordex.output.AFR-44.SMHI.CSIRO-QCCCE-CSIRO-Mk3-6-0.rcp45.r0i0p0.RCA4.v1.fx",175006,true,true
"cordex.output.AFR-44.SMHI.CSIRO-QCCCE-CSIRO-Mk3-6-0.rcp85.r0i0p0.RCA4.v1.fx",175006,true,true
"cordex.output.AFR-44.SMHI.ECMWF-ERAINT.evaluation.r0i0p0.RCA4.v1.fx",175050,true,true
"cordex.output.AFR-44.SMHI.ICHEC-EC-EARTH.historical.r0i0p0.RCA4.v1.fx",175004,true,true
"cordex.output.AFR-44.SMHI.ICHEC-EC-EARTH.rcp26.r0i0p0.RCA4.v1.fx",174976,true,true
"cordex.output.AFR-44.SMHI.ICHEC-EC-EARTH.rcp45.r0i0p0.RCA4.v1.fx",174976,true,true
"cordex.output.AFR-44.SMHI.ICHEC-EC-EARTH.rcp85.r0i0p0.RCA4.v1.fx",174976,true,true
"cordex.output.AFR-44.SMHI.IPSL-IPSL-CM5A-MR.historical.r0i0p0.RCA4.v1.fx",175050,true,true
"cordex.output.AFR-44.SMHI.IPSL-IPSL-CM5A-MR.rcp45.r0i0p0.RCA4.v1.fx",175022,true,true
"cordex.output.AFR-44.SMHI.IPSL-IPSL-CM5A-MR.rcp85.r0i0p0.RCA4.v1.fx",175022,true,true
"cordex.output.AFR-44.SMHI.MIROC-MIROC5.historical.r0i0p0.RCA4.v1.fx",174994,true,true
"cordex.output.AFR-44.SMHI.MIROC-MIROC5.rcp26.r0i0p0.RCA4.v1.fx",174918,true,true
"cordex.output.AFR-44.SMHI.MIROC-MIROC5.rcp45.r0i0p0.RCA4.v1.fx",174946,true,true
"cordex.output.AFR-44.SMHI.MIROC-MIROC5.rcp85.r0i0p0.RCA4.v1.fx",174946,true,true
"cordex.output.AFR-44.SMHI.MOHC-HadGEM2-ES.historical.r0i0p0.RCA4.v1.fx",175006,true,true
"cordex.output.AFR-44.SMHI.MOHC-HadGEM2-ES.rcp26.r0i0p0.RCA4.v1.fx",174986,true,true
"cordex.output.AFR-44.SMHI.MOHC-HadGEM2-ES.rcp45.r0i0p0.RCA4.v1.fx",174978,true,true
"cordex.output.AFR-44.SMHI.MOHC-HadGEM2-ES.rcp85.r0i0p0.RCA4.v1.fx",174978,true,true
"cordex.output.AFR-44.SMHI.MPI-M-MPI-ESM-LR.historical.r0i0p0.RCA4.v1.fx",175010,true,true
"cordex.output.AFR-44.SMHI.MPI-M-MPI-ESM-LR.rcp26.r0i0p0.RCA4.v1.fx",175016,true,true
"cordex.output.AFR-44.SMHI.MPI-M-MPI-ESM-LR.rcp45.r0i0p0.RCA4.v1.fx",174980,true,true
"cordex.output.AFR-44.SMHI.MPI-M-MPI-ESM-LR.rcp85.r0i0p0.RCA4.v1.fx",174980,true,true
"cordex.output.AFR-44.SMHI.NCC-NorESM1-M.historical.r0i0p0.RCA4.v1.fx",174998,true,true
"cordex.output.AFR-44.SMHI.NCC-NorESM1-M.rcp26.r0i0p0.RCA4.v1.fx",175733,true,true
"cordex.output.AFR-44.SMHI.NCC-NorESM1-M.rcp45.r0i0p0.RCA4.v1.fx",174970,true,true
"cordex.output.AFR-44.SMHI.NCC-NorESM1-M.rcp85.r0i0p0.RCA4.v1.fx",174970,true,true
"cordex.output.AFR-44.SMHI.NOAA-GFDL-GFDL-ESM2M.historical.r0i0p0.RCA4.v1.fx",175026,true,true
"cordex.output.AFR-44.SMHI.NOAA-GFDL-GFDL-ESM2M.rcp45.r0i0p0.RCA4.v1.fx",174998,true,true
"cordex.output.AFR-44.SMHI.NOAA-GFDL-GFDL-ESM2M.rcp85.r0i0p0.RCA4.v1.fx",174998,true,true
"cordex.output.AFR-44.UQAM.ECMWF-ERAINT.evaluation.r1i1p1.CRCM5.v1.fx",167970,true,true
"cordex.output.AFR-44i.KNMI.ECMWF-ERAINT.evaluation.r1i1p1.RACMO22T.v1.fx",122842,true,true
"cordex.output.AFR-44i.KNMI.ICHEC-EC-EARTH.historical.r1i1p1.RACMO22T.v1.fx",122802,true,true
"cordex.output.AFR-44i.KNMI.ICHEC-EC-EARTH.rcp45.r1i1p1.RACMO22T.v1.fx",122774,true,true
"cordex.output.AFR-44i.KNMI.ICHEC-EC-EARTH.rcp85.r1i1p1.RACMO22T.v1.fx",122774,true,true
"cordex.output.AFR-44i.SMHI.CCCma-CanESM2.historical.r0i0p0.RCA4.v1.fx",114878,true,true
"cordex.output.AFR-44i.SMHI.CCCma-CanESM2.rcp45.r0i0p0.RCA4.v1.fx",114850,true,true
"cordex.output.AFR-44i.SMHI.CCCma-CanESM2.rcp85.r0i0p0.RCA4.v1.fx",114850,true,true
"cordex.output.AFR-44i.SMHI.CNRM-CERFACS-CNRM-CM5.historical.r0i0p0.RCA4.v1.fx",114894,true,true
"cordex.output.AFR-44i.SMHI.CNRM-CERFACS-CNRM-CM5.rcp45.r0i0p0.RCA4.v1.fx",114866,true,true
"cordex.output.AFR-44i.SMHI.CNRM-CERFACS-CNRM-CM5.rcp85.r0i0p0.RCA4.v1.fx",114866,true,true
"cordex.output.AFR-44i.SMHI.CSIRO-QCCCE-CSIRO-Mk3-6-0.historical.r0i0p0.RCA4.v1.fx",116673,true,true
"cordex.output.AFR-44i.SMHI.CSIRO-QCCCE-CSIRO-Mk3-6-0.rcp45.r0i0p0.RCA4.v1.fx",116625,true,true
"cordex.output.AFR-44i.SMHI.CSIRO-QCCCE-CSIRO-Mk3-6-0.rcp85.r0i0p0.RCA4.v1.fx",116625,true,true
"cordex.output.AFR-44i.SMHI.ECMWF-ERAINT.evaluation.r0i0p0.RCA4.v1.fx",114932,true,true
"cordex.output.AFR-44i.SMHI.ICHEC-EC-EARTH.historical.r0i0p0.RCA4.v1.fx",114882,true,true
"cordex.output.AFR-44i.SMHI.ICHEC-EC-EARTH.rcp26.r0i0p0.RCA4.v1.fx",114854,true,true
"cordex.output.AFR-44i.SMHI.ICHEC-EC-EARTH.rcp45.r0i0p0.RCA4.v1.fx",114854,true,true
"cordex.output.AFR-44i.SMHI.ICHEC-EC-EARTH.rcp85.r0i0p0.RCA4.v1.fx",114854,true,true
"cordex.output.AFR-44i.SMHI.IPSL-IPSL-CM5A-MR.historical.r0i0p0.RCA4.v1.fx",116589,true,true
"cordex.output.AFR-44i.SMHI.IPSL-IPSL-CM5A-MR.rcp45.r0i0p0.RCA4.v1.fx",116561,true,true
"cordex.output.AFR-44i.SMHI.IPSL-IPSL-CM5A-MR.rcp85.r0i0p0.RCA4.v1.fx",116561,true,true
"cordex.output.AFR-44i.SMHI.MIROC-MIROC5.historical.r0i0p0.RCA4.v1.fx",114876,true,true
"cordex.output.AFR-44i.SMHI.MIROC-MIROC5.rcp26.r0i0p0.RCA4.v1.fx",116607,true,true
"cordex.output.AFR-44i.SMHI.MIROC-MIROC5.rcp45.r0i0p0.RCA4.v1.fx",114848,true,true
"cordex.output.AFR-44i.SMHI.MIROC-MIROC5.rcp85.r0i0p0.RCA4.v1.fx",114848,true,true
"cordex.output.AFR-44i.SMHI.MOHC-HadGEM2-ES.historical.r0i0p0.RCA4.v1.fx",114882,true,true
"cordex.output.AFR-44i.SMHI.MOHC-HadGEM2-ES.rcp26.r0i0p0.RCA4.v1.fx",116625,true,true
"cordex.output.AFR-44i.SMHI.MOHC-HadGEM2-ES.rcp45.r0i0p0.RCA4.v1.fx",114854,true,true
"cordex.output.AFR-44i.SMHI.MOHC-HadGEM2-ES.rcp85.r0i0p0.RCA4.v1.fx",114854,true,true
"cordex.output.AFR-44i.SMHI.MPI-M-MPI-ESM-LR.historical.r0i0p0.RCA4.v1.fx",114884,true,true
"cordex.output.AFR-44i.SMHI.MPI-M-MPI-ESM-LR.rcp26.r0i0p0.RCA4.v1.fx",116557,true,true
"cordex.output.AFR-44i.SMHI.MPI-M-MPI-ESM-LR.rcp45.r0i0p0.RCA4.v1.fx",114854,true,true
"cordex.output.AFR-44i.SMHI.MPI-M-MPI-ESM-LR.rcp85.r0i0p0.RCA4.v1.fx",114854,true,true
"cordex.output.AFR-44i.SMHI.NCC-NorESM1-M.historical.r0i0p0.RCA4.v1.fx",114878,true,true
"cordex.output.AFR-44i.SMHI.NCC-NorESM1-M.rcp26.r0i0p0.RCA4.v1.fx",119775,true,true
"cordex.output.AFR-44i.SMHI.NCC-NorESM1-M.rcp45.r0i0p0.RCA4.v1.fx",114850,true,true
"cordex.output.AFR-44i.SMHI.NCC-NorESM1-M.rcp85.r0i0p0.RCA4.v1.fx",114850,true,true
"cordex.output.AFR-44i.SMHI.NOAA-GFDL-GFDL-ESM2M.historical.r0i0p0.RCA4.v1.fx",114892,true,true
"cordex.output.AFR-44i.SMHI.NOAA-GFDL-GFDL-ESM2M.rcp45.r0i0p0.RCA4.v1.fx",114864,true,true
"cordex.output.AFR-44i.SMHI.NOAA-GFDL-GFDL-ESM2M.rcp85.r0i0p0.RCA4.v1.fx",114864,true,true
"cordex.output.ANT-44.DMI.ECMWF-ERAINT.evaluation.r1i1p1.HIRHAM5.v1.fx",214137,true,true
"cordex.output.ANT-44.DMI.ICHEC-EC-EARTH.historical.r3i1p1.HIRHAM5.v1.fx",214023,true,true
"cordex.output.ANT-44.DMI.ICHEC-EC-EARTH.rcp45.r3i1p1.HIRHAM5.v1.fx",215488,true,true
"cordex.output.ANT-44.DMI.ICHEC-EC-EARTH.rcp85.r3i1p1.HIRHAM5.v1.fx",214059,true,true
"cordex.output.ANT-44.KNMI.ECMWF-ERAINT.evaluation.r1i1p1.RACMO21P.v1.fx",377154,true,true
"cordex.output.ANT-44.KNMI.ICHEC-EC-EARTH.historical.r12i1p1.RACMO21P.v1.fx",379460,true,true
"cordex.output.ANT-44.KNMI.ICHEC-EC-EARTH.historical.r1i1p1.RACMO21P.v1.fx",377114,true,true
"cordex.output.ANT-44.KNMI.ICHEC-EC-EARTH.rcp26.r12i1p1.RACMO21P.v1.fx",379432,true,true
"cordex.output.ANT-44.KNMI.ICHEC-EC-EARTH.rcp45.r1i1p1.RACMO21P.v1.fx",377086,true,true
"cordex.output.ANT-44.KNMI.ICHEC-EC-EARTH.rcp85.r1i1p1.RACMO21P.v1.fx",377086,true,true
"cordex.output.ANT-44.KNMI.MOHC-HadGEM2-ES.historical.r1i1p1.RACMO21P.v2.fx",379462,true,true
"cordex.output.ANT-44.KNMI.MOHC-HadGEM2-ES.rcp26.r1i1p1.RACMO21P.v2.fx",379434,true,true
"cordex.output.ANT-44.KNMI.MOHC-HadGEM2-ES.rcp45.r1i1p1.RACMO21P.v2.fx",379434,true,true
"cordex.output.ANT-44.KNMI.MOHC-HadGEM2-ES.rcp85.r1i1p1.RACMO21P.v2.fx",379434,true,true
"cordex.output.ANT-44i.KNMI.ECMWF-ERAINT.evaluation.r1i1p1.RACMO21P.v1.fx",131768,true,true
"cordex.output.ANT-44i.KNMI.ICHEC-EC-EARTH.historical.r1i1p1.RACMO21P.v1.fx",131728,true,true
"cordex.output.ANT-44i.KNMI.ICHEC-EC-EARTH.rcp45.r1i1p1.RACMO21P.v1.fx",131700,true,true
"cordex.output.ANT-44i.KNMI.ICHEC-EC-EARTH.rcp85.r1i1p1.RACMO21P.v1.fx",131700,true,true
"cordex.output.ARC-44.AWI.ECMWF-ERAINT.evaluation.r1i1p1.HIRHAM5.v1.fx",225261,true,true
"cordex.output.ARC-44.AWI.MPI-M-MPI-ESM-LR.rcp85.r1i1p1.HIRHAM5.v2.fx",237160,true,true
"cordex.output.ARC-44.DMI.ECMWF-ERAINT.evaluation.r1i1p1.HIRHAM5.v1.fx",269314,true,true
"cordex.output.ARC-44.DMI.ICHEC-EC-EARTH.historical.r3i1p1.HIRHAM5.v1.fx",269316,true,true
"cordex.output.ARC-44.DMI.ICHEC-EC-EARTH.rcp45.r3i1p1.HIRHAM5.v1.fx",269326,true,true
"cordex.output.ARC-44.DMI.ICHEC-EC-EARTH.rcp85.r3i1p1.HIRHAM5.v1.fx",269379,true,true
"cordex.output.ARC-44.SMHI.CCCma-CanESM2.historical.r0i0p0.RCA4.v1.fx",482498,true,true
"cordex.output.ARC-44.SMHI.CCCma-CanESM2.rcp45.r0i0p0.RCA4.v1.fx",482470,true,true
"cordex.output.ARC-44.SMHI.CCCma-CanESM2.rcp85.r0i0p0.RCA4.v1.fx",482470,true,true
"cordex.output.ARC-44.SMHI.ECMWF-ERAINT.evaluation.r0i0p0.RCA4-SN.v1.fx",482550,true,true
"cordex.output.ARC-44.SMHI.ECMWF-ERAINT.evaluation.r0i0p0.RCA4.v1.fx",482550,true,true
"cordex.output.ARC-44.SMHI.ICHEC-EC-EARTH.historical.r0i0p0.RCA4-SN.v1.fx",482504,true,true
"cordex.output.ARC-44.SMHI.ICHEC-EC-EARTH.historical.r0i0p0.RCA4.v1.fx",482504,true,true
"cordex.output.ARC-44.SMHI.ICHEC-EC-EARTH.rcp26.r0i0p0.RCA4.v1.fx",482476,true,true
"cordex.output.ARC-44.SMHI.ICHEC-EC-EARTH.rcp45.r0i0p0.RCA4.v1.fx",482476,true,true
"cordex.output.ARC-44.SMHI.ICHEC-EC-EARTH.rcp85.r0i0p0.RCA4-SN.v1.fx",482476,true,true
"cordex.output.ARC-44.SMHI.ICHEC-EC-EARTH.rcp85.r0i0p0.RCA4.v1.fx",482476,true,true
"cordex.output.ARC-44.SMHI.MPI-M-MPI-ESM-LR.historical.r0i0p0.RCA4-SN.v1.fx",482510,true,true
"cordex.output.ARC-44.SMHI.MPI-M-MPI-ESM-LR.historical.r0i0p0.RCA4.v1.fx",482510,true,true
"cordex.output.ARC-44.SMHI.MPI-M-MPI-ESM-LR.rcp45.r0i0p0.RCA4.v1.fx",482480,true,true
"cordex.output.ARC-44.SMHI.MPI-M-MPI-ESM-LR.rcp85.r0i0p0.RCA4-SN.v1.fx",482480,true,true
"cordex.output.ARC-44.SMHI.MPI-M-MPI-ESM-LR.rcp85.r0i0p0.RCA4.v1.fx",482480,true,true
"cordex.output.ARC-44.SMHI.NCC-NorESM1-M.historical.r0i0p0.RCA4.v1.fx",482498,true,true
"cordex.output.ARC-44.SMHI.NCC-NorESM1-M.rcp45.r0i0p0.RCA4.v1.fx",482470,true,true
"cordex.output.ARC-44.SMHI.NCC-NorESM1-M.rcp85.r0i0p0.RCA4.v1.fx",482470,true,true
"cordex.output.ARC-44.ULg.ECMWF-ERAINT.evaluation.r0i0p0.MAR36.v1.fx",859893,true,true
"cordex.output.ARC-44.UQAM.ECMWF-ERAINT.evaluation.r1i1p1.CRCM5-SN.v1.fx",379271,true,true
"cordex.output.ARC-44i.AWI.ECMWF-ERAINT.evaluation.r1i1p1.HIRHAM5.v1.fx",231409,true,true
"cordex.output.ARC-44i.AWI.MPI-M-MPI-ESM-LR.rcp85.r1i1p1.HIRHAM5.v2.fx",253191,true,true
"cordex.output.ARC-44i.SMHI.CCCma-CanESM2.historical.r0i0p0.RCA4.v1.fx",170326,true,true
"cordex.output.ARC-44i.SMHI.CCCma-CanESM2.rcp45.r0i0p0.RCA4.v1.fx",170298,true,true
"cordex.output.ARC-44i.SMHI.CCCma-CanESM2.rcp85.r0i0p0.RCA4.v1.fx",170298,true,true
"cordex.output.ARC-44i.SMHI.ECMWF-ERAINT.evaluation.r0i0p0.RCA4-SN.v1.fx",170380,true,true
"cordex.output.ARC-44i.SMHI.ECMWF-ERAINT.evaluation.r0i0p0.RCA4.v1.fx",170380,true,true
"cordex.output.ARC-44i.SMHI.ICHEC-EC-EARTH.historical.r0i0p0.RCA4-SN.v1.fx",170330,true,true
"cordex.output.ARC-44i.SMHI.ICHEC-EC-EARTH.historical.r0i0p0.RCA4.v1.fx",170330,true,true
"cordex.output.ARC-44i.SMHI.ICHEC-EC-EARTH.rcp26.r0i0p0.RCA4.v1.fx",170302,true,true
"cordex.output.ARC-44i.SMHI.ICHEC-EC-EARTH.rcp45.r0i0p0.RCA4.v1.fx",170302,true,true
"cordex.output.ARC-44i.SMHI.ICHEC-EC-EARTH.rcp85.r0i0p0.RCA4-SN.v1.fx",170302,true,true
"cordex.output.ARC-44i.SMHI.ICHEC-EC-EARTH.rcp85.r0i0p0.RCA4.v1.fx",170302,true,true
"cordex.output.ARC-44i.SMHI.MPI-M-MPI-ESM-LR.historical.r0i0p0.RCA4-SN.v1.fx",170332,true,true
"cordex.output.ARC-44i.SMHI.MPI-M-MPI-ESM-LR.historical.r0i0p0.RCA4.v1.fx",170332,true,true
"cordex.output.ARC-44i.SMHI.MPI-M-MPI-ESM-LR.rcp45.r0i0p0.RCA4.v1.fx",170302,true,true
"cordex.output.ARC-44i.SMHI.MPI-M-MPI-ESM-LR.rcp85.r0i0p0.RCA4-SN.v1.fx",170302,true,true
"cordex.output.ARC-44i.SMHI.MPI-M-MPI-ESM-LR.rcp85.r0i0p0.RCA4.v1.fx",170302,true,true
"cordex.output.ARC-44i.SMHI.NCC-NorESM1-M.historical.r0i0p0.RCA4.v1.fx",170326,true,true
"cordex.output.ARC-44i.SMHI.NCC-NorESM1-M.rcp45.r0i0p0.RCA4.v1.fx",170298,true,true
"cordex.output.ARC-44i.SMHI.NCC-NorESM1-M.rcp85.r0i0p0.RCA4.v1.fx",170298,true,true
"cordex.output.ARC-44i.ULg.ECMWF-ERAINT.evaluation.r0i0p0.MAR36.v1.fx",169101,true,true
"cordex.output.AUS-22.CLMcom-HZG.ECMWF-ERAINT.evaluation.r0i0p0.CCLM5-0-15.v1.fx",1604182,true,true
"cordex.output.AUS-22.CLMcom-HZG.MOHC-HadGEM2-ES.historical.r0i0p0.CCLM5-0-15.v1.fx",1604114,true,true
"cordex.output.AUS-22.CLMcom-HZG.MOHC-HadGEM2-ES.rcp26.r0i0p0.CCLM5-0-15.v1.fx",1604010,true,true
"cordex.output.AUS-22.CLMcom-HZG.MOHC-HadGEM2-ES.rcp85.r0i0p0.CCLM5-0-15.v1.fx",1604010,true,true
"cordex.output.AUS-22.CLMcom-HZG.MPI-M-MPI-ESM-LR.historical.r0i0p0.CCLM5-0-15.v1.fx",1604068,true,true
"cordex.output.AUS-22.CLMcom-HZG.MPI-M-MPI-ESM-LR.rcp26.r0i0p0.CCLM5-0-15.v1.fx",1604012,true,true
"cordex.output.AUS-22.CLMcom-HZG.MPI-M-MPI-ESM-LR.rcp85.r0i0p0.CCLM5-0-15.v1.fx",1604012,true,true
"cordex.output.AUS-22.CLMcom-HZG.NCC-NorESM1-M.historical.r0i0p0.CCLM5-0-15.v1.fx",1604110,true,true
"cordex.output.AUS-22.CLMcom-HZG.NCC-NorESM1-M.rcp26.r0i0p0.CCLM5-0-15.v1.fx",1604006,true,true
"cordex.output.AUS-22.CLMcom-HZG.NCC-NorESM1-M.rcp85.r0i0p0.CCLM5-0-15.v1.fx",1604006,true,true
"cordex.output.AUS-22.GERICS.ECMWF-ERAINT.evaluation.r0i0p0.REMO2015.v1.fx",3814542,true,true
"cordex.output.AUS-22.GERICS.MOHC-HadGEM2-ES.historical.r0i0p0.REMO2015.v1.fx",3814542,true,true
"cordex.output.AUS-22.GERICS.MOHC-HadGEM2-ES.rcp26.r0i0p0.REMO2015.v1.fx",3814542,true,true
"cordex.output.AUS-22.GERICS.MOHC-HadGEM2-ES.rcp85.r0i0p0.REMO2015.v1.fx",3814542,true,true
"cordex.output.AUS-22.GERICS.MPI-M-MPI-ESM-LR.historical.r0i0p0.REMO2015.v1.fx",3814542,true,true
"cordex.output.AUS-22.GERICS.MPI-M-MPI-ESM-LR.rcp26.r0i0p0.REMO2015.v1.fx",3814542,true,true
"cordex.output.AUS-22.GERICS.MPI-M-MPI-ESM-LR.rcp85.r0i0p0.REMO2015.v1.fx",3814542,true,true
"cordex.output.AUS-22.GERICS.NCC-NorESM1-M.historical.r0i0p0.REMO2015.v1.fx",3814542,true,true
"cordex.output.AUS-22.GERICS.NCC-NorESM1-M.rcp26.r0i0p0.REMO2015.v1.fx",3814542,true,true
"cordex.output.AUS-22.GERICS.NCC-NorESM1-M.rcp85.r0i0p0.REMO2015.v1.fx",3814542,true,true
"cordex.output.AUS-22.ICTP.ECMWF-ERAINT.evaluation.r1i1p1.RegCM4-7.v0.fx",1385608,true,true
"cordex.output.AUS-22.ICTP.MOHC-HadGEM2-ES.historical.r1i1p1.RegCM4-7.v0.fx",3551979,true,true
"cordex.output.AUS-22.ICTP.MOHC-HadGEM2-ES.rcp26.r1i1p1.RegCM4-7.v0.fx",3555090,true,true
"cordex.output.AUS-22.ICTP.MOHC-HadGEM2-ES.rcp85.r1i1p1.RegCM4-7.v0.fx",3555090,true,true
"cordex.output.AUS-22.ICTP.MPI-M-MPI-ESM-MR.historical.r1i1p1.RegCM4-7.v0.fx",3551979,true,true
"cordex.output.AUS-22.ICTP.MPI-M-MPI-ESM-MR.rcp26.r1i1p1.RegCM4-7.v0.fx",3555090,true,true
"cordex.output.AUS-22.ICTP.MPI-M-MPI-ESM-MR.rcp85.r1i1p1.RegCM4-7.v0.fx",3555090,true,true
"cordex.output.AUS-22.ICTP.NCC-NorESM1-M.historical.r1i1p1.RegCM4-7.v0.fx",3555090,true,true
"cordex.output.AUS-22.ICTP.NCC-NorESM1-M.rcp26.r1i1p1.RegCM4-7.v0.fx",3555090,true,true
"cordex.output.AUS-22.ICTP.NCC-NorESM1-M.rcp85.r1i1p1.RegCM4-7.v0.fx",3555090,true,true
"cordex.output.AUS-44.CLMcom.ECMWF-ERAINT.evaluation.r1i1p1.CCLM4-8-17-CLM3-5.v1.fx",358082,true,true
"cordex.output.AUS-44.CLMcom.ICHEC-EC-EARTH.historical.r12i1p1.CCLM4-8-17-CLM3-5.v1.fx",358088,true,true
"cordex.output.AUS-44.CLMcom.ICHEC-EC-EARTH.rcp45.r12i1p1.CCLM4-8-17-CLM3-5.v1.fx",358078,true,true
"cordex.output.AUS-44.CLMcom.ICHEC-EC-EARTH.rcp85.r12i1p1.CCLM4-8-17-CLM3-5.v1.fx",358078,true,true
"cordex.output.AUS-44.CLMcom.MPI-M-MPI-ESM-LR.historical.r1i1p1.CCLM4-8-17-CLM3-5.v1.fx",358090,true,true
"cordex.output.AUS-44.CLMcom.MPI-M-MPI-ESM-LR.rcp45.r1i1p1.CCLM4-8-17-CLM3-5.v1.fx",358080,true,true
"cordex.output.AUS-44.CLMcom.MPI-M-MPI-ESM-LR.rcp85.r1i1p1.CCLM4-8-17-CLM3-5.v1.fx",358080,true,true
"cordex.output.AUS-44.UNSW.CSIRO-BOM-ACCESS1-0.historical.r1i1p1.WRF360J.v1.fx",340291,true,true
"cordex.output.AUS-44.UNSW.CSIRO-BOM-ACCESS1-0.historical.r1i1p1.WRF360K.v1.fx",340291,true,true
"cordex.output.AUS-44.UNSW.CSIRO-BOM-ACCESS1-0.historical.r1i1p1.WRF360L.v1.fx",340291,true,true
"cordex.output.AUS-44.UNSW.CSIRO-BOM-ACCESS1-3.historical.r1i1p1.WRF360J.v1.fx",340263,true,true
"cordex.output.AUS-44.UNSW.CSIRO-BOM-ACCESS1-3.historical.r1i1p1.WRF360K.v1.fx",340263,true,true
"cordex.output.AUS-44.UNSW.CSIRO-BOM-ACCESS1-3.historical.r1i1p1.WRF360L.v1.fx",340263,true,true
"cordex.output.AUS-44.UNSW.ECMWF-ERAINT.evaluation.r1i1p1.WRF360J.v1.fx",342794,true,true
"cordex.output.AUS-44.UNSW.ECMWF-ERAINT.evaluation.r1i1p1.WRF360K.v1.fx",340632,true,true
"cordex.output.AUS-44.UNSW.ECMWF-ERAINT.evaluation.r1i1p1.WRF360L.v1.fx",342700,true,true
"cordex.output.AUS-44i.UNSW.CSIRO-BOM-ACCESS1-0.historical.r1i1p1.WRF360J.v1.fx",66831,true,true
"cordex.output.AUS-44i.UNSW.CSIRO-BOM-ACCESS1-0.historical.r1i1p1.WRF360K.v1.fx",66823,true,true
"cordex.output.AUS-44i.UNSW.CSIRO-BOM-ACCESS1-0.historical.r1i1p1.WRF360L.v1.fx",66831,true,true
"cordex.output.AUS-44i.UNSW.CSIRO-BOM-ACCESS1-3.historical.r1i1p1.WRF360J.v1.fx",66793,true,true
"cordex.output.AUS-44i.UNSW.CSIRO-BOM-ACCESS1-3.historical.r1i1p1.WRF360K.v1.fx",66793,true,true
"cordex.output.AUS-44i.UNSW.CSIRO-BOM-ACCESS1-3.historical.r1i1p1.WRF360L.v1.fx",66793,true,true
"cordex.output.AUS-44i.UNSW.ECMWF-ERAINT.evaluation.r1i1p1.WRF360J.v1.fx",68882,true,true
"cordex.output.AUS-44i.UNSW.ECMWF-ERAINT.evaluation.r1i1p1.WRF360K.v1.fx",68882,true,true
"cordex.output.AUS-44i.UNSW.ECMWF-ERAINT.evaluation.r1i1p1.WRF360L.v1.fx",68882,true,true
"cordex.output.CAM-22.GERICS.ECMWF-ERAINT.evaluation.r0i0p0.REMO2015.v1.fx",3360542,true,true
"cordex.output.CAM-22.GERICS.MOHC-HadGEM2-ES.historical.r0i0p0.REMO2015.v1.fx",3360542,true,true
"cordex.output.CAM-22.GERICS.MOHC-HadGEM2-ES.rcp26.r0i0p0.REMO2015.v1.fx",3360542,true,true
"cordex.output.CAM-22.GERICS.MOHC-HadGEM2-ES.rcp85.r0i0p0.REMO2015.v1.fx",3360542,true,true
"cordex.output.CAM-22.GERICS.MPI-M-MPI-ESM-LR.historical.r0i0p0.REMO2015.v1.fx",3360542,true,true
"cordex.output.CAM-22.GERICS.MPI-M-MPI-ESM-LR.rcp26.r0i0p0.REMO2015.v1.fx",3360542,true,true
"cordex.output.CAM-22.GERICS.MPI-M-MPI-ESM-LR.rcp85.r0i0p0.REMO2015.v1.fx",3360542,true,true
"cordex.output.CAM-22.GERICS.NCC-NorESM1-M.historical.r0i0p0.REMO2015.v1.fx",3360542,true,true
"cordex.output.CAM-22.GERICS.NCC-NorESM1-M.rcp26.r0i0p0.REMO2015.v1.fx",3360542,true,true
"cordex.output.CAM-22.GERICS.NCC-NorESM1-M.rcp85.r0i0p0.REMO2015.v1.fx",3360542,true,true
"cordex.output.CAM-22.ICTP.ECMWF-ERAINT.evaluation.r1i1p1.RegCM4-7.v0.fx",5060977,true,true
"cordex.output.CAM-22.ICTP.MOHC-HadGEM2-ES.historical.r1i1p1.RegCM4-7.v0.fx",5060979,true,true
"cordex.output.CAM-22.ICTP.MOHC-HadGEM2-ES.rcp26.r1i1p1.RegCM4-7.v0.fx",5062051,true,true
"cordex.output.CAM-22.ICTP.MOHC-HadGEM2-ES.rcp85.r1i1p1.RegCM4-7.v0.fx",5062051,true,true
"cordex.output.CAM-22.ICTP.MPI-M-MPI-ESM-MR.historical.r1i1p1.RegCM4-7.v0.fx",5060979,true,true
"cordex.output.CAM-22.ICTP.MPI-M-MPI-ESM-MR.rcp26.r1i1p1.RegCM4-7.v0.fx",5062051,true,true
"cordex.output.CAM-22.ICTP.MPI-M-MPI-ESM-MR.rcp85.r1i1p1.RegCM4-7.v0.fx",5062051,true,true
"cordex.output.CAM-22.ICTP.NOAA-GFDL-GFDL-ESM2M.historical.r1i1p1.RegCM4-7.v0.fx",5061630,true,true
"cordex.output.CAM-22.ICTP.NOAA-GFDL-GFDL-ESM2M.rcp26.r1i1p1.RegCM4-7.v0.fx",5062052,true,true
"cordex.output.CAM-22.ICTP.NOAA-GFDL-GFDL-ESM2M.rcp85.r1i1p1.RegCM4-7.v0.fx",5062052,true,true
"cordex.output.CAM-22.OURANOS.ECMWF-ERAINT.evaluation.r1i1p1.CRCM5.v1.fx",1578664,true,true
"cordex.output.CAM-22.OURANOS.NOAA-GFDL-GFDL-ESM2M.historical.r1i1p1.CRCM5.v1.fx",1580238,true,true
"cordex.output.CAM-22.OURANOS.NOAA-GFDL-GFDL-ESM2M.rcp85.r1i1p1.CRCM5.v1.fx",1577290,true,true
"cordex.output.CAM-44.OURANOS.ECMWF-ERAINT.evaluation.r1i1p1.CRCM5.v1.fx",464048,true,true
"cordex.output.CAM-44.SMHI.CCCma-CanESM2.historical.r0i0p0.RCA4.v1.fx",795214,true,true
"cordex.output.CAM-44.SMHI.CCCma-CanESM2.rcp85.r0i0p0.RCA4.v1.fx",795196,true,true
"cordex.output.CAM-44.SMHI.CNRM-CERFACS-CNRM-CM5.historical.r0i0p0.RCA4.v1.fx",795230,true,true
"cordex.output.CAM-44.SMHI.CNRM-CERFACS-CNRM-CM5.rcp85.r0i0p0.RCA4.v1.fx",795212,true,true
"cordex.output.CAM-44.SMHI.CSIRO-QCCCE-CSIRO-Mk3-6-0.historical.r0i0p0.RCA4.v1.fx",795238,true,true
"cordex.output.CAM-44.SMHI.CSIRO-QCCCE-CSIRO-Mk3-6-0.rcp85.r0i0p0.RCA4.v1.fx",795220,true,true
"cordex.output.CAM-44.SMHI.ECMWF-ERAINT.evaluation.r0i0p0.RCA4.v1.fx",794549,true,true
"cordex.output.CAM-44.SMHI.ICHEC-EC-EARTH.historical.r0i0p0.RCA4.v1.fx",794439,true,true
"cordex.output.CAM-44.SMHI.ICHEC-EC-EARTH.rcp26.r0i0p0.RCA4.v1.fx",794411,true,true
"cordex.output.CAM-44.SMHI.ICHEC-EC-EARTH.rcp45.r0i0p0.RCA4.v1.fx",794411,true,true
"cordex.output.CAM-44.SMHI.ICHEC-EC-EARTH.rcp85.r0i0p0.RCA4.v1.fx",794411,true,true
"cordex.output.CAM-44.SMHI.IPSL-IPSL-CM5A-MR.historical.r0i0p0.RCA4.v1.fx",795076,true,true
"cordex.output.CAM-44.SMHI.IPSL-IPSL-CM5A-MR.rcp85.r0i0p0.RCA4.v1.fx",795058,true,true
"cordex.output.CAM-44.SMHI.MIROC-MIROC5.historical.r0i0p0.RCA4.v1.fx",795066,true,true
"cordex.output.CAM-44.SMHI.MIROC-MIROC5.rcp26.r0i0p0.RCA4.v1.fx",795048,true,true
"cordex.output.CAM-44.SMHI.MIROC-MIROC5.rcp85.r0i0p0.RCA4.v1.fx",795048,true,true
"cordex.output.CAM-44.SMHI.MOHC-HadGEM2-ES.historical.r0i0p0.RCA4.v1.fx",794505,true,true
"cordex.output.CAM-44.SMHI.MOHC-HadGEM2-ES.rcp26.r0i0p0.RCA4.v1.fx",795054,true,true
"cordex.output.CAM-44.SMHI.MOHC-HadGEM2-ES.rcp45.r0i0p0.RCA4.v1.fx",794477,true,true
"cordex.output.CAM-44.SMHI.MOHC-HadGEM2-ES.rcp85.r0i0p0.RCA4.v1.fx",794477,true,true
"cordex.output.CAM-44.SMHI.MPI-M-MPI-ESM-LR.historical.r0i0p0.RCA4.v1.fx",794509,true,true
"cordex.output.CAM-44.SMHI.MPI-M-MPI-ESM-LR.rcp26.r0i0p0.RCA4.v1.fx",795054,true,true
"cordex.output.CAM-44.SMHI.MPI-M-MPI-ESM-LR.rcp45.r0i0p0.RCA4.v1.fx",794479,true,true
"cordex.output.CAM-44.SMHI.MPI-M-MPI-ESM-LR.rcp85.r0i0p0.RCA4.v1.fx",794479,true,true
"cordex.output.CAM-44.SMHI.NCC-NorESM1-M.historical.r0i0p0.RCA4.v1.fx",795068,true,true
"cordex.output.CAM-44.SMHI.NCC-NorESM1-M.rcp26.r0i0p0.RCA4.v1.fx",795050,true,true
"cordex.output.CAM-44.SMHI.NCC-NorESM1-M.rcp85.r0i0p0.RCA4.v1.fx",795050,true,true
"cordex.output.CAM-44.SMHI.NOAA-GFDL-GFDL-ESM2M.historical.r0i0p0.RCA4.v1.fx",795082,true,true
"cordex.output.CAM-44.SMHI.NOAA-GFDL-GFDL-ESM2M.rcp85.r0i0p0.RCA4.v1.fx",795064,true,true
"cordex.output.CAM-44i.SMHI.CCCma-CanESM2.historical.r0i0p0.RCA4.v1.fx",84689,true,true
"cordex.output.CAM-44i.SMHI.CCCma-CanESM2.rcp85.r0i0p0.RCA4.v1.fx",84645,true,true
"cordex.output.CAM-44i.SMHI.CNRM-CERFACS-CNRM-CM5.historical.r0i0p0.RCA4.v1.fx",84681,true,true
"cordex.output.CAM-44i.SMHI.CNRM-CERFACS-CNRM-CM5.rcp85.r0i0p0.RCA4.v1.fx",84663,true,true
"cordex.output.CAM-44i.SMHI.CSIRO-QCCCE-CSIRO-Mk3-6-0.historical.r0i0p0.RCA4.v1.fx",84697,true,true
"cordex.output.CAM-44i.SMHI.CSIRO-QCCCE-CSIRO-Mk3-6-0.rcp85.r0i0p0.RCA4.v1.fx",84709,true,true
"cordex.output.CAM-44i.SMHI.ECMWF-ERAINT.evaluation.r0i0p0.RCA4.v1.fx",81521,true,true
"cordex.output.CAM-44i.SMHI.ICHEC-EC-EARTH.historical.r0i0p0.RCA4.v1.fx",81527,true,true
"cordex.output.CAM-44i.SMHI.ICHEC-EC-EARTH.rcp26.r0i0p0.RCA4.v1.fx",81499,true,true
"cordex.output.CAM-44i.SMHI.ICHEC-EC-EARTH.rcp45.r0i0p0.RCA4.v1.fx",81499,true,true
"cordex.output.CAM-44i.SMHI.ICHEC-EC-EARTH.rcp85.r0i0p0.RCA4.v1.fx",81499,true,true
"cordex.output.CAM-44i.SMHI.IPSL-IPSL-CM5A-MR.historical.r0i0p0.RCA4.v1.fx",84705,true,true
"cordex.output.CAM-44i.SMHI.IPSL-IPSL-CM5A-MR.rcp85.r0i0p0.RCA4.v1.fx",84677,true,true
"cordex.output.CAM-44i.SMHI.MIROC-MIROC5.historical.r0i0p0.RCA4.v1.fx",84685,true,true
"cordex.output.CAM-44i.SMHI.MIROC-MIROC5.rcp26.r0i0p0.RCA4.v1.fx",84659,true,true
"cordex.output.CAM-44i.SMHI.MIROC-MIROC5.rcp85.r0i0p0.RCA4.v1.fx",84659,true,true
"cordex.output.CAM-44i.SMHI.MOHC-HadGEM2-ES.historical.r0i0p0.RCA4.v1.fx",81471,true,true
"cordex.output.CAM-44i.SMHI.MOHC-HadGEM2-ES.rcp26.r0i0p0.RCA4.v1.fx",84669,true,true
"cordex.output.CAM-44i.SMHI.MOHC-HadGEM2-ES.rcp45.r0i0p0.RCA4.v1.fx",81443,true,true
"cordex.output.CAM-44i.SMHI.MOHC-HadGEM2-ES.rcp85.r0i0p0.RCA4.v1.fx",81443,true,true
"cordex.output.CAM-44i.SMHI.MPI-M-MPI-ESM-LR.historical.r0i0p0.RCA4.v1.fx",81473,true,true
"cordex.output.CAM-44i.SMHI.MPI-M-MPI-ESM-LR.rcp26.r0i0p0.RCA4.v1.fx",84671,true,true
"cordex.output.CAM-44i.SMHI.MPI-M-MPI-ESM-LR.rcp45.r0i0p0.RCA4.v1.fx",81443,true,true
"cordex.output.CAM-44i.SMHI.MPI-M-MPI-ESM-LR.rcp85.r0i0p0.RCA4.v1.fx",81443,true,true
"cordex.output.CAM-44i.SMHI.NCC-NorESM1-M.historical.r0i0p0.RCA4.v1.fx",84689,true,true
"cordex.output.CAM-44i.SMHI.NCC-NorESM1-M.rcp26.r0i0p0.RCA4.v1.fx",84661,true,true
"cordex.output.CAM-44i.SMHI.NCC-NorESM1-M.rcp85.r0i0p0.RCA4.v1.fx",84661,true,true
"cordex.output.CAM-44i.SMHI.NOAA-GFDL-GFDL-ESM2M.historical.r0i0p0.RCA4.v1.fx",84717,true,true
"cordex.output.CAM-44i.SMHI.NOAA-GFDL-GFDL-ESM2M.rcp85.r0i0p0.RCA4.v1.fx",84659,true,true
"cordex.output.CAS-22.GERICS.ECMWF-ERAINT.evaluation.r0i0p0.REMO2015.v1.fx",2454264,true,true
"cordex.output.CAS-22.GERICS.MOHC-HadGEM2-ES.historical.r0i0p0.REMO2015.v1.fx",2454264,true,true
"cordex.output.CAS-22.GERICS.MOHC-HadGEM2-ES.rcp26.r0i0p0.REMO2015.v1.fx",2454264,true,true
"cordex.output.CAS-22.GERICS.MOHC-HadGEM2-ES.rcp85.r0i0p0.REMO2015.v1.fx",2454264,true,true
"cordex.output.CAS-22.GERICS.MPI-M-MPI-ESM-LR.historical.r0i0p0.REMO2015.v1.fx",2454264,true,true
"cordex.output.CAS-22.GERICS.MPI-M-MPI-ESM-LR.rcp26.r0i0p0.REMO2015.v1.fx",2454264,true,true
"cordex.output.CAS-22.GERICS.MPI-M-MPI-ESM-LR.rcp85.r0i0p0.REMO2015.v1.fx",2454264,true,true
"cordex.output.CAS-22.GERICS.NCC-NorESM1-M.historical.r0i0p0.REMO2015.v1.fx",2454264,true,true
"cordex.output.CAS-22.GERICS.NCC-NorESM1-M.rcp26.r0i0p0.REMO2015.v1.fx",2454264,true,true
"cordex.output.CAS-22.GERICS.NCC-NorESM1-M.rcp85.r0i0p0.REMO2015.v1.fx",2454264,true,true
"cordex.output.EAS-22.GERICS.ECMWF-ERAINT.evaluation.r0i0p0.REMO2015.v1.fx",3880543,true,true
"cordex.output.EAS-22.GERICS.MOHC-HadGEM2-ES.historical.r0i0p0.REMO2015.v1.fx",3880543,true,true
"cordex.output.EAS-22.GERICS.MOHC-HadGEM2-ES.rcp26.r0i0p0.REMO2015.v1.fx",3880543,true,true
"cordex.output.EAS-22.GERICS.MOHC-HadGEM2-ES.rcp85.r0i0p0.REMO2015.v1.fx",3880543,true,true
"cordex.output.EAS-22.GERICS.MPI-M-MPI-ESM-LR.historical.r0i0p0.REMO2015.v1.fx",3880543,true,true
"cordex.output.EAS-22.GERICS.MPI-M-MPI-ESM-LR.rcp26.r0i0p0.REMO2015.v1.fx",3880543,true,true
"cordex.output.EAS-22.GERICS.MPI-M-MPI-ESM-LR.rcp85.r0i0p0.REMO2015.v1.fx",3880543,true,true
"cordex.output.EAS-22.GERICS.NCC-NorESM1-M.historical.r0i0p0.REMO2015.v1.fx",3880543,true,true
"cordex.output.EAS-22.GERICS.NCC-NorESM1-M.rcp26.r0i0p0.REMO2015.v1.fx",3880543,true,true
"cordex.output.EAS-22.GERICS.NCC-NorESM1-M.rcp85.r0i0p0.REMO2015.v1.fx",3880543,true,true
"cordex.output.EAS-44.CLMcom.CNRM-CERFACS-CNRM-CM5.historical.r1i1p1.CCLM5-0-2.v1.fx",463676,true,true
"cordex.output.EAS-44.CLMcom.CNRM-CERFACS-CNRM-CM5.rcp45.r1i1p1.CCLM5-0-2.v1.fx",463666,true,true
"cordex.output.EAS-44.CLMcom.CNRM-CERFACS-CNRM-CM5.rcp85.r1i1p1.CCLM5-0-2.v1.fx",463666,true,true
"cordex.output.EAS-44.CLMcom.ECMWF-ERAINT.evaluation.r1i1p1.CCLM5-0-2.v1.fx",463658,true,true
"cordex.output.EAS-44.CLMcom.ICHEC-EC-EARTH.historical.r12i1p1.CCLM5-0-2.v1.fx",463664,true,true
"cordex.output.EAS-44.CLMcom.ICHEC-EC-EARTH.rcp45.r12i1p1.CCLM5-0-2.v1.fx",463654,true,true
"cordex.output.EAS-44.CLMcom.ICHEC-EC-EARTH.rcp85.r12i1p1.CCLM5-0-2.v1.fx",463654,true,true
"cordex.output.EAS-44.CLMcom.MOHC-HadGEM2-ES.historical.r1i1p1.CCLM5-0-2.v1.fx",463664,true,true
"cordex.output.EAS-44.CLMcom.MOHC-HadGEM2-ES.rcp45.r1i1p1.CCLM5-0-2.v1.fx",463654,true,true
"cordex.output.EAS-44.CLMcom.MOHC-HadGEM2-ES.rcp85.r1i1p1.CCLM5-0-2.v1.fx",463654,true,true
"cordex.output.EAS-44.CLMcom.MPI-M-MPI-ESM-LR.historical.r1i1p1.CCLM5-0-2.v1.fx",463666,true,true
"cordex.output.EAS-44.CLMcom.MPI-M-MPI-ESM-LR.rcp45.r1i1p1.CCLM5-0-2.v1.fx",463656,true,true
"cordex.output.EAS-44.CLMcom.MPI-M-MPI-ESM-LR.rcp85.r1i1p1.CCLM5-0-2.v1.fx",463656,true,true
"cordex.output.EAS-44.DMI.ECMWF-ERAINT.evaluation.r1i1p1.HIRHAM5.v1.fx",444076,true,true
"cordex.output.EAS-44.DMI.ICHEC-EC-EARTH.historical.r3i1p1.HIRHAM5.v1.fx",444076,true,true
"cordex.output.EAS-44.DMI.ICHEC-EC-EARTH.rcp45.r3i1p1.HIRHAM5.v1.fx",444076,true,true
"cordex.output.EAS-44.DMI.ICHEC-EC-EARTH.rcp85.r3i1p1.HIRHAM5.v1.fx",444076,true,true
"cordex.output.EUR-11.CLMcom-ETH.ECMWF-ERAINT.evaluation.r0i0p0.COSMO-crCLIM-v1-1.v1.fx",3189152,true,true
"cordex.output.EUR-11.CLMcom-ETH.MOHC-HadGEM2-ES.historical.r0i0p0.COSMO-crCLIM-v1-1.v1.fx",3194016,true,true
"cordex.output.EUR-11.CLMcom-ETH.MPI-M-MPI-ESM-LR.historical.r0i0p0.COSMO-crCLIM-v1-1.v1.fx",3189160,true,true
"cordex.output.EUR-11.CLMcom-ETH.NCC-NorESM1-M.historical.r0i0p0.COSMO-crCLIM-v1-1.v1.fx",3189154,true,true
"cordex.output.EUR-11.CLMcom.CNRM-CERFACS-CNRM-CM5.historical.r0i0p0.CCLM4-8-17.v1.fx",8552562,true,true
"cordex.output.EUR-11.CLMcom.CNRM-CERFACS-CNRM-CM5.rcp45.r0i0p0.CCLM4-8-17.v1.fx",8552542,true,true
"cordex.output.EUR-11.CLMcom.CNRM-CERFACS-CNRM-CM5.rcp85.r0i0p0.CCLM4-8-17.v1.fx",8552542,true,true
"cordex.output.EUR-11.CLMcom.ECMWF-ERAINT.evaluation.r0i0p0.CCLM4-8-17.v1.fx",8552449,true,true
"cordex.output.EUR-11.CLMcom.ICHEC-EC-EARTH.historical.r0i0p0.CCLM4-8-17.v1.fx",8552562,true,true
"cordex.output.EUR-11.CLMcom.ICHEC-EC-EARTH.rcp26.r0i0p0.CCLM4-8-17.v1.fx",2059691,true,true
"cordex.output.EUR-11.CLMcom.ICHEC-EC-EARTH.rcp45.r0i0p0.CCLM4-8-17.v1.fx",8552542,true,true
"cordex.output.EUR-11.CLMcom.ICHEC-EC-EARTH.rcp85.r0i0p0.CCLM4-8-17.v1.fx",8062724,true,true
"cordex.output.EUR-11.CLMcom.MIROC-MIROC5.rcp26.r0i0p0.CCLM4-8-17.v1.fx",3147111,true,true
"cordex.output.EUR-11.CLMcom.MOHC-HadGEM2-ES.historical.r0i0p0.CCLM4-8-17.v1.fx",8552449,true,true
"cordex.output.EUR-11.CLMcom.MOHC-HadGEM2-ES.rcp45.r0i0p0.CCLM4-8-17.v1.fx",8552449,true,true
"cordex.output.EUR-11.CLMcom.MOHC-HadGEM2-ES.rcp85.r0i0p0.CCLM4-8-17.v1.fx",8552449,true,true
"cordex.output.EUR-11.CLMcom.MPI-M-MPI-ESM-LR.historical.r0i0p0.CCLM4-8-17.v1.fx",8062744,true,true
"cordex.output.EUR-11.CLMcom.MPI-M-MPI-ESM-LR.rcp45.r0i0p0.CCLM4-8-17.v1.fx",8062724,true,true
"cordex.output.EUR-11.CLMcom.MPI-M-MPI-ESM-LR.rcp85.r0i0p0.CCLM4-8-17.v1.fx",8062724,true,true
"cordex.output.EUR-11.CNRM.CNRM-CERFACS-CNRM-CM5.historical.r1i1p1.ALADIN53.v1.fx",8227108,true,true
"cordex.output.EUR-11.CNRM.CNRM-CERFACS-CNRM-CM5.historical.r1i1p1.ALADIN63.v2.fx",24521224,true,true
"cordex.output.EUR-11.CNRM.CNRM-CERFACS-CNRM-CM5.rcp26.r1i1p1.ALADIN53.v1.fx",8227108,true,true
"cordex.output.EUR-11.CNRM.CNRM-CERFACS-CNRM-CM5.rcp26.r1i1p1.ALADIN63.v2.fx",24521214,true,true
"cordex.output.EUR-11.CNRM.CNRM-CERFACS-CNRM-CM5.rcp45.r1i1p1.ALADIN53.v1.fx",8227108,true,true
"cordex.output.EUR-11.CNRM.CNRM-CERFACS-CNRM-CM5.rcp45.r1i1p1.ALADIN63.v2.fx",24516870,true,true
"cordex.output.EUR-11.CNRM.CNRM-CERFACS-CNRM-CM5.rcp85.r1i1p1.ALADIN53.v1.fx",8227108,true,true
"cordex.output.EUR-11.CNRM.CNRM-CERFACS-CNRM-CM5.rcp85.r1i1p1.ALADIN63.v2.fx",24521214,true,true
"cordex.output.EUR-11.CNRM.ECMWF-ERAINT.evaluation.r1i1p1.ALADIN53.v1.fx",8227108,true,true
"cordex.output.EUR-11.CNRM.ECMWF-ERAINT.evaluation.r1i1p1.ALADIN63.v1.fx",24518844,true,true
"cordex.output.EUR-11.CNRM.MOHC-HadGEM2-ES.historical.r1i1p1.ALADIN63.v1.fx",24520696,true,true
"cordex.output.EUR-11.CNRM.MOHC-HadGEM2-ES.rcp85.r1i1p1.ALADIN63.v1.fx",24520666,true,true
"cordex.output.EUR-11.CNRM.MPI-M-MPI-ESM-LR.historical.r1i1p1.ALADIN63.v1.fx",24661808,true,true
"cordex.output.EUR-11.DHMZ.ECMWF-ERAINT.evaluation.r1i1p1.RegCM4-2.v1.fx",4904788,true,true
"cordex.output.EUR-11.DMI.CNRM-CERFACS-CNRM-CM5.historical.r1i1p1.HIRHAM5.v2.fx",2062018,true,true
"cordex.output.EUR-11.DMI.CNRM-CERFACS-CNRM-CM5.rcp85.r1i1p1.HIRHAM5.v2.fx",2062042,true,true
"cordex.output.EUR-11.DMI.ECMWF-ERAINT.evaluation.r1i1p1.HIRHAM5.v1.fx",2049063,true,true
"cordex.output.EUR-11.DMI.ICHEC-EC-EARTH.historical.r12i1p1.HIRHAM5.v1.fx",2062022,true,true
"cordex.output.EUR-11.DMI.ICHEC-EC-EARTH.historical.r1i1p1.HIRHAM5.v1.fx",2062024,true,true
"cordex.output.EUR-11.DMI.ICHEC-EC-EARTH.historical.r3i1p1.HIRHAM5.v2.fx",2062024,true,true
"cordex.output.EUR-11.DMI.ICHEC-EC-EARTH.rcp26.r3i1p1.HIRHAM5.v2.fx",2062018,true,true
"cordex.output.EUR-11.DMI.ICHEC-EC-EARTH.rcp45.r3i1p1.HIRHAM5.v2.fx",2062018,true,true
"cordex.output.EUR-11.DMI.ICHEC-EC-EARTH.rcp85.r12i1p1.HIRHAM5.v1.fx",2062002,true,true
"cordex.output.EUR-11.DMI.ICHEC-EC-EARTH.rcp85.r1i1p1.HIRHAM5.v1.fx",2062038,true,true
"cordex.output.EUR-11.DMI.ICHEC-EC-EARTH.rcp85.r3i1p1.HIRHAM5.v2.fx",2062018,true,true
"cordex.output.EUR-11.DMI.MOHC-HadGEM2-ES.historical.r1i1p1.HIRHAM5.v2.fx",2062002,true,true
"cordex.output.EUR-11.DMI.MOHC-HadGEM2-ES.rcp45.r1i1p1.HIRHAM5.v2.fx",2062022,true,true
"cordex.output.EUR-11.DMI.MOHC-HadGEM2-ES.rcp85.r1i1p1.HIRHAM5.v2.fx",2062002,true,true
"cordex.output.EUR-11.DMI.MPI-M-MPI-ESM-LR.historical.r1i1p1.HIRHAM5.v1.fx",2062012,true,true
"cordex.output.EUR-11.DMI.MPI-M-MPI-ESM-LR.rcp85.r1i1p1.HIRHAM5.v1.fx",2062052,true,true
"cordex.output.EUR-11.DMI.NCC-NorESM1-M.historical.r1i1p1.HIRHAM5.v3.fx",2062028,true,true
"cordex.output.EUR-11.DMI.NCC-NorESM1-M.rcp45.r1i1p1.HIRHAM5.v3.fx",2062034,true,true
"cordex.output.EUR-11.DMI.NCC-NorESM1-M.rcp85.r1i1p1.HIRHAM5.v3.fx",2062062,true,true
"cordex.output.EUR-11.GERICS.ECMWF-ERAINT.evaluation.r0i0p0.REMO2015.v1.fx",7381763,true,true
"cordex.output.EUR-11.GERICS.ICHEC-EC-EARTH.rcp26.r0i0p0.REMO2015.v1.fx",7382767,true,true
"cordex.output.EUR-11.GERICS.IPSL-IPSL-CM5A-LR.historical.r0i0p0.REMO2015.v1.fx",7382787,true,true
"cordex.output.EUR-11.GERICS.IPSL-IPSL-CM5A-LR.rcp26.r0i0p0.REMO2015.v1.fx",7382767,true,true
"cordex.output.EUR-11.GERICS.MIROC-MIROC5.rcp26.r0i0p0.REMO2015.v1.fx",7382767,true,true
"cordex.output.EUR-11.GERICS.MOHC-HadGEM2-ES.rcp26.r0i0p0.REMO2015.v1.fx",7382767,true,true
"cordex.output.EUR-11.GERICS.MPI-M-MPI-ESM-LR.historical.r0i0p0.REMO2015.v1.fx",7229275,true,true
"cordex.output.EUR-11.GERICS.MPI-M-MPI-ESM-LR.rcp85.r0i0p0.REMO2015.v1.fx",7229275,true,true
"cordex.output.EUR-11.GERICS.NCC-NorESM1-M.historical.r0i0p0.REMO2015.v1.fx",7229275,true,true
"cordex.output.EUR-11.GERICS.NCC-NorESM1-M.rcp26.r0i0p0.REMO2015.v1.fx",7229275,true,true
"cordex.output.EUR-11.GERICS.NCC-NorESM1-M.rcp85.r0i0p0.REMO2015.v1.fx",7229275,true,true
"cordex.output.EUR-11.GERICS.NOAA-GFDL-GFDL-ESM2G.historical.r0i0p0.REMO2015.v1.fx",7382787,true,true
"cordex.output.EUR-11.GERICS.NOAA-GFDL-GFDL-ESM2G.rcp26.r0i0p0.REMO2015.v1.fx",7382767,true,true
"cordex.output.EUR-11.ICTP.ECMWF-ERAINT.evaluation.r1i1p1.RegCM4-6.v1.fx",7451735,true,true
"cordex.output.EUR-11.ICTP.MOHC-HadGEM2-ES.historical.r1i1p1.RegCM4-6.v1.fx",7449692,true,true
"cordex.output.EUR-11.ICTP.MOHC-HadGEM2-ES.rcp26.r1i1p1.RegCM4-6.v1.fx",7449687,true,true
"cordex.output.EUR-11.ICTP.MOHC-HadGEM2-ES.rcp85.r1i1p1.RegCM4-6.v1.fx",7449687,true,true
"cordex.output.EUR-11.ICTP.MPI-M-MPI-ESM-LR.historical.r1i1p1.RegCM4-6.v1.fx",7452806,true,true
"cordex.output.EUR-11.ICTP.MPI-M-MPI-ESM-LR.rcp26.r1i1p1.RegCM4-6.v1.fx",7457070,true,true
"cordex.output.EUR-11.ICTP.MPI-M-MPI-ESM-LR.rcp85.r1i1p1.RegCM4-6.v1.fx",7455896,true,true
"cordex.output.EUR-11.KNMI.CNRM-CERFACS-CNRM-CM5.historical.r1i1p1.RACMO22E.v2.fx",4451853,true,true
"cordex.output.EUR-11.KNMI.CNRM-CERFACS-CNRM-CM5.rcp26.r1i1p1.RACMO22E.v2.fx",4451825,true,true
"cordex.output.EUR-11.KNMI.CNRM-CERFACS-CNRM-CM5.rcp45.r1i1p1.RACMO22E.v2.fx",4451825,true,true
"cordex.output.EUR-11.KNMI.CNRM-CERFACS-CNRM-CM5.rcp85.r1i1p1.RACMO22E.v2.fx",4451825,true,true
"cordex.output.EUR-11.KNMI.ECMWF-ERAINT.evaluation.r1i1p1.RACMO22E.v1.fx",4444711,true,true
"cordex.output.EUR-11.KNMI.ICHEC-EC-EARTH.historical.r12i1p1.RACMO22E.v1.fx",4445861,true,true
"cordex.output.EUR-11.KNMI.ICHEC-EC-EARTH.historical.r1i1p1.RACMO22E.v1.fx",4444671,true,true
"cordex.output.EUR-11.KNMI.ICHEC-EC-EARTH.historical.r3i1p1.RACMO22E.v1.fx",4449677,true,true
"cordex.output.EUR-11.KNMI.ICHEC-EC-EARTH.rcp26.r12i1p1.RACMO22E.v1.fx",4445833,true,true
"cordex.output.EUR-11.KNMI.ICHEC-EC-EARTH.rcp45.r12i1p1.RACMO22E.v1.fx",4447509,true,true
"cordex.output.EUR-11.KNMI.ICHEC-EC-EARTH.rcp45.r1i1p1.RACMO22E.v1.fx",4444643,true,true
"cordex.output.EUR-11.KNMI.ICHEC-EC-EARTH.rcp85.r12i1p1.RACMO22E.v1.fx",4447509,true,true
"cordex.output.EUR-11.KNMI.ICHEC-EC-EARTH.rcp85.r1i1p1.RACMO22E.v1.fx",4444643,true,true
"cordex.output.EUR-11.KNMI.ICHEC-EC-EARTH.rcp85.r3i1p1.RACMO22E.v1.fx",4449649,true,true
"cordex.output.EUR-11.KNMI.IPSL-IPSL-CM5A-MR.historical.r1i1p1.RACMO22E.v1.fx",4449683,true,true
"cordex.output.EUR-11.KNMI.IPSL-IPSL-CM5A-MR.rcp85.r1i1p1.RACMO22E.v1.fx",4449655,true,true
"cordex.output.EUR-11.KNMI.MOHC-HadGEM2-ES.historical.r1i1p1.RACMO22E.v2.fx",4445863,true,true
"cordex.output.EUR-11.KNMI.MOHC-HadGEM2-ES.rcp26.r1i1p1.RACMO22E.v2.fx",4445835,true,true
"cordex.output.EUR-11.KNMI.MOHC-HadGEM2-ES.rcp45.r1i1p1.RACMO22E.v2.fx",4445835,true,true
"cordex.output.EUR-11.KNMI.MOHC-HadGEM2-ES.rcp85.r1i1p1.RACMO22E.v2.fx",4445835,true,true
"cordex.output.EUR-11.KNMI.MPI-M-MPI-ESM-LR.historical.r1i1p1.RACMO22E.v1.fx",4449681,true,true
"cordex.output.EUR-11.KNMI.MPI-M-MPI-ESM-LR.rcp85.r1i1p1.RACMO22E.v1.fx",4449653,true,true
"cordex.output.EUR-11.KNMI.NCC-NorESM1-M.historical.r1i1p1.RACMO22E.v1.fx",4449675,true,true
"cordex.output.EUR-11.KNMI.NCC-NorESM1-M.rcp26.r1i1p1.RACMO22E.v1.fx",4451735,true,true
"cordex.output.EUR-11.KNMI.NCC-NorESM1-M.rcp85.r1i1p1.RACMO22E.v1.fx",4449647,true,true
"cordex.output.EUR-11.MPI-CSC.ECMWF-ERAINT.evaluation.r0i0p0.REMO2009.v1.fx",7379181,true,true
"cordex.output.EUR-11.MPI-CSC.MPI-M-MPI-ESM-LR.historical.r0i0p0.REMO2009.v1.fx",7379181,true,true
"cordex.output.EUR-11.MPI-CSC.MPI-M-MPI-ESM-LR.rcp26.r0i0p0.REMO2009.v1.fx",7379161,true,true
"cordex.output.EUR-11.MPI-CSC.MPI-M-MPI-ESM-LR.rcp45.r0i0p0.REMO2009.v1.fx",7379161,true,true
"cordex.output.EUR-11.MPI-CSC.MPI-M-MPI-ESM-LR.rcp85.r0i0p0.REMO2009.v1.fx",7379161,true,true
"cordex.output.EUR-11.RMIB-UGent.ECMWF-ERAINT.evaluation.r1i1p1.ALARO-0.v1.fx",8458198,true,true
"cordex.output.EUR-11.SMHI.CNRM-CERFACS-CNRM-CM5.historical.r0i0p0.RCA4.v1.fx",4489985,true,true
"cordex.output.EUR-11.SMHI.CNRM-CERFACS-CNRM-CM5.rcp45.r0i0p0.RCA4.v1.fx",4489957,true,true
"cordex.output.EUR-11.SMHI.CNRM-CERFACS-CNRM-CM5.rcp85.r0i0p0.RCA4.v1.fx",4489957,true,true
"cordex.output.EUR-11.SMHI.ECMWF-ERAINT.evaluation.r0i0p0.RCA4.v1.fx",4490005,true,true
"cordex.output.EUR-11.SMHI.ICHEC-EC-EARTH.historical.r0i0p0.RCA4.v1.fx",4489959,true,true
"cordex.output.EUR-11.SMHI.ICHEC-EC-EARTH.rcp26.r0i0p0.RCA4.v1.fx",4489931,true,true
"cordex.output.EUR-11.SMHI.ICHEC-EC-EARTH.rcp45.r0i0p0.RCA4.v1.fx",4489931,true,true
"cordex.output.EUR-11.SMHI.ICHEC-EC-EARTH.rcp85.r0i0p0.RCA4.v1.fx",4489931,true,true
"cordex.output.EUR-11.SMHI.IPSL-IPSL-CM5A-MR.historical.r0i0p0.RCA4.v1.fx",4489969,true,true
"cordex.output.EUR-11.SMHI.IPSL-IPSL-CM5A-MR.rcp45.r0i0p0.RCA4.v1.fx",4489941,true,true
"cordex.output.EUR-11.SMHI.IPSL-IPSL-CM5A-MR.rcp85.r0i0p0.RCA4.v1.fx",4489941,true,true
"cordex.output.EUR-11.SMHI.MOHC-HadGEM2-ES.historical.r0i0p0.RCA4.v1.fx",4489954,true,true
"cordex.output.EUR-11.SMHI.MOHC-HadGEM2-ES.rcp26.r0i0p0.RCA4.v1.fx",4495221,true,true
"cordex.output.EUR-11.SMHI.MOHC-HadGEM2-ES.rcp45.r0i0p0.RCA4.v1.fx",4489926,true,true
"cordex.output.EUR-11.SMHI.MOHC-HadGEM2-ES.rcp85.r0i0p0.RCA4.v1.fx",4489926,true,true
"cordex.output.EUR-11.SMHI.MPI-M-MPI-ESM-LR.historical.r0i0p0.RCA4.v1a.fx",4490071,true,true
"cordex.output.EUR-11.SMHI.MPI-M-MPI-ESM-LR.rcp26.r0i0p0.RCA4.v1a.fx",4495230,true,true
"cordex.output.EUR-11.SMHI.MPI-M-MPI-ESM-LR.rcp45.r0i0p0.RCA4.v1a.fx",4490512,true,true
"cordex.output.EUR-11.SMHI.MPI-M-MPI-ESM-LR.rcp85.r0i0p0.RCA4.v1a.fx",4490512,true,true
"cordex.output.EUR-11.SMHI.NCC-NorESM1-M.historical.r0i0p0.RCA4.v1.fx",4497330,true,true
"cordex.output.EUR-11.SMHI.NCC-NorESM1-M.rcp85.r0i0p0.RCA4.v1.fx",4497312,true,true
"cordex.output.EUR-11.UHOH.MPI-M-MPI-ESM-LR.rcp85.r0i0p0.WRF361H.v1.fx",7132643,true,true
"cordex.output.EUR-11i.SMHI.CNRM-CERFACS-CNRM-CM5.historical.r0i0p0.RCA4.v1.fx",699980,true,true
"cordex.output.EUR-11i.SMHI.CNRM-CERFACS-CNRM-CM5.rcp45.r0i0p0.RCA4.v1.fx",699952,true,true
"cordex.output.EUR-11i.SMHI.CNRM-CERFACS-CNRM-CM5.rcp85.r0i0p0.RCA4.v1.fx",699952,true,true
"cordex.output.EUR-11i.SMHI.ECMWF-ERAINT.evaluation.r0i0p0.RCA4.v1.fx",700018,true,true
"cordex.output.EUR-11i.SMHI.ICHEC-EC-EARTH.historical.r0i0p0.RCA4.v1.fx",699968,true,true
"cordex.output.EUR-11i.SMHI.ICHEC-EC-EARTH.rcp26.r0i0p0.RCA4.v1.fx",699940,true,true
"cordex.output.EUR-11i.SMHI.ICHEC-EC-EARTH.rcp45.r0i0p0.RCA4.v1.fx",699940,true,true
"cordex.output.EUR-11i.SMHI.ICHEC-EC-EARTH.rcp85.r0i0p0.RCA4.v1.fx",699940,true,true
"cordex.output.EUR-11i.SMHI.IPSL-IPSL-CM5A-MR.historical.r0i0p0.RCA4.v1.fx",699972,true,true
"cordex.output.EUR-11i.SMHI.IPSL-IPSL-CM5A-MR.rcp45.r0i0p0.RCA4.v1.fx",699944,true,true
"cordex.output.EUR-11i.SMHI.IPSL-IPSL-CM5A-MR.rcp85.r0i0p0.RCA4.v1.fx",699944,true,true
"cordex.output.EUR-11i.SMHI.MOHC-HadGEM2-ES.historical.r0i0p0.RCA4.v1.fx",699980,true,true
"cordex.output.EUR-11i.SMHI.MOHC-HadGEM2-ES.rcp26.r0i0p0.RCA4.v1.fx",703343,true,true
"cordex.output.EUR-11i.SMHI.MOHC-HadGEM2-ES.rcp45.r0i0p0.RCA4.v1.fx",699952,true,true
"cordex.output.EUR-11i.SMHI.MOHC-HadGEM2-ES.rcp85.r0i0p0.RCA4.v1.fx",699952,true,true
"cordex.output.EUR-11i.SMHI.MPI-M-MPI-ESM-LR.historical.r0i0p0.RCA4.v1a.fx",700172,true,true
"cordex.output.EUR-11i.SMHI.MPI-M-MPI-ESM-LR.rcp26.r0i0p0.RCA4.v1a.fx",703335,true,true
"cordex.output.EUR-11i.SMHI.MPI-M-MPI-ESM-LR.rcp45.r0i0p0.RCA4.v1a.fx",703178,true,true
"cordex.output.EUR-11i.SMHI.MPI-M-MPI-ESM-LR.rcp85.r0i0p0.RCA4.v1a.fx",703178,true,true
"cordex.output.EUR-22.GERICS.ECMWF-ERAINT.evaluation.r0i0p0.REMO2015.v1.fx",2015051,true,true
"cordex.output.EUR-22.GERICS.MOHC-HadGEM2-ES.historical.r0i0p0.REMO2015.v1.fx",2015051,true,true
"cordex.output.EUR-22.GERICS.MOHC-HadGEM2-ES.rcp26.r0i0p0.REMO2015.v1.fx",2015051,true,true
"cordex.output.EUR-22.GERICS.MOHC-HadGEM2-ES.rcp85.r0i0p0.REMO2015.v1.fx",2015051,true,true
"cordex.output.EUR-22.GERICS.MPI-M-MPI-ESM-LR.historical.r0i0p0.REMO2015.v1.fx",2015051,true,true
"cordex.output.EUR-22.GERICS.MPI-M-MPI-ESM-LR.rcp26.r0i0p0.REMO2015.v1.fx",2015051,true,true
"cordex.output.EUR-22.GERICS.MPI-M-MPI-ESM-LR.rcp85.r0i0p0.REMO2015.v1.fx",2015051,true,true
"cordex.output.EUR-22.GERICS.NCC-NorESM1-M.historical.r0i0p0.REMO2015.v1.fx",2015051,true,true
"cordex.output.EUR-22.GERICS.NCC-NorESM1-M.rcp26.r0i0p0.REMO2015.v1.fx",2015051,true,true
"cordex.output.EUR-22.GERICS.NCC-NorESM1-M.rcp85.r0i0p0.REMO2015.v1.fx",2015051,true,true
"cordex.output.EUR-44.CLMcom.ECMWF-ERAINT.evaluation.r0i0p0.CCLM4-8-17.v1.fx",597968,true,true
"cordex.output.EUR-44.CLMcom.MPI-M-MPI-ESM-LR.historical.r0i0p0.CCLM4-8-17.v1.fx",603559,true,true
"cordex.output.EUR-44.CLMcom.MPI-M-MPI-ESM-LR.rcp45.r0i0p0.CCLM4-8-17.v1.fx",597968,true,true
"cordex.output.EUR-44.CLMcom.MPI-M-MPI-ESM-LR.rcp85.r0i0p0.CCLM4-8-17.v1.fx",597968,true,true
"cordex.output.EUR-44.CNRM.CNRM-CERFACS-CNRM-CM5.historical.r1i1p1.ALADIN53.v1.fx",555720,true,true
"cordex.output.EUR-44.CNRM.CNRM-CERFACS-CNRM-CM5.rcp45.r1i1p1.ALADIN53.v1.fx",555720,true,true
"cordex.output.EUR-44.CNRM.CNRM-CERFACS-CNRM-CM5.rcp85.r1i1p1.ALADIN53.v1.fx",555720,true,true
"cordex.output.EUR-44.CNRM.ECMWF-ERAINT.evaluation.r1i1p1.ALADIN53.v1.fx",555628,true,true
"cordex.output.EUR-44.DMI.ECMWF-ERAINT.evaluation.r1i1p1.HIRHAM5.v1.fx",206912,true,true
"cordex.output.EUR-44.DMI.ICHEC-EC-EARTH.historical.r3i1p1.HIRHAM5.v1.fx",207085,true,true
"cordex.output.EUR-44.DMI.ICHEC-EC-EARTH.rcp45.r3i1p1.HIRHAM5.v1.fx",207081,true,true
"cordex.output.EUR-44.DMI.ICHEC-EC-EARTH.rcp85.r3i1p1.HIRHAM5.v1.fx",207073,true,true
"cordex.output.EUR-44.ETH.CNRM-CERFACS-CNRM-CM5.historical.r0i0p0.CCLM5-0-6.v1.fx",266039,true,true
"cordex.output.EUR-44.ETH.CNRM-CERFACS-CNRM-CM5.rcp85.r0i0p0.CCLM5-0-6.v1.fx",266029,true,true
"cordex.output.EUR-44.ETH.ECMWF-ERAINT.evaluation.r0i0p0.CCLM5-0-6.v1.fx",265748,true,true
"cordex.output.EUR-44.ETH.ICHEC-EC-EARTH.historical.r0i0p0.CCLM5-0-6.v1.fx",266025,true,true
"cordex.output.EUR-44.ETH.ICHEC-EC-EARTH.rcp85.r0i0p0.CCLM5-0-6.v1.fx",266015,true,true
"cordex.output.EUR-44.ETH.MIROC-MIROC5.historical.r0i0p0.CCLM5-0-6.v1.fx",266021,true,true
"cordex.output.EUR-44.ETH.MIROC-MIROC5.rcp85.r0i0p0.CCLM5-0-6.v1.fx",265937,true,true
"cordex.output.EUR-44.ETH.MOHC-HadGEM2-ES.historical.r0i0p0.CCLM5-0-6.v1.fx",259543,true,true
"cordex.output.EUR-44.ETH.MOHC-HadGEM2-ES.rcp85.r0i0p0.CCLM5-0-6.v1.fx",259553,true,true
"cordex.output.EUR-44.ETH.MPI-M-MPI-ESM-LR.historical.r0i0p0.CCLM5-0-6.v1.fx",266029,true,true
"cordex.output.EUR-44.ETH.MPI-M-MPI-ESM-LR.rcp85.r0i0p0.CCLM5-0-6.v1.fx",266019,true,true
"cordex.output.EUR-44.HMS.CNRM-CERFACS-CNRM-CM5.historical.r1i1p1.ALADIN52.v1.fx",662142,true,true
"cordex.output.EUR-44.HMS.ECMWF-ERAINT.evaluation.r1i1p1.ALADIN52.v1.fx",661140,true,true
"cordex.output.EUR-44.IPSL-INERIS.ECMWF-ERAINT.evaluation.r0i0p0.WRF331F.v1.fx",686335,true,true
"cordex.output.EUR-44.IPSL-INERIS.IPSL-IPSL-CM5A-MR.historical.r0i0p0.WRF331F.v1.fx",686335,true,true
"cordex.output.EUR-44.IPSL-INERIS.IPSL-IPSL-CM5A-MR.rcp45.r0i0p0.WRF331F.v1.fx",686335,true,true
"cordex.output.EUR-44.IPSL-INERIS.IPSL-IPSL-CM5A-MR.rcp85.r0i0p0.WRF331F.v1.fx",686335,true,true
"cordex.output.EUR-44.KNMI.ECMWF-ERAINT.evaluation.r1i1p1.RACMO22E.v1.fx",363166,true,true
"cordex.output.EUR-44.KNMI.ICHEC-EC-EARTH.historical.r12i1p1.RACMO22E.v1.fx",364496,true,true
"cordex.output.EUR-44.KNMI.ICHEC-EC-EARTH.historical.r1i1p1.RACMO22E.v1.fx",363126,true,true
"cordex.output.EUR-44.KNMI.ICHEC-EC-EARTH.rcp26.r12i1p1.RACMO22E.v1.fx",364468,true,true
"cordex.output.EUR-44.KNMI.ICHEC-EC-EARTH.rcp45.r1i1p1.RACMO22E.v1.fx",363098,true,true
"cordex.output.EUR-44.KNMI.ICHEC-EC-EARTH.rcp85.r1i1p1.RACMO22E.v1.fx",363098,true,true
"cordex.output.EUR-44.KNMI.MOHC-HadGEM2-ES.historical.r1i1p1.RACMO22E.v2.fx",364498,true,true
"cordex.output.EUR-44.KNMI.MOHC-HadGEM2-ES.rcp26.r1i1p1.RACMO22E.v2.fx",364470,true,true
"cordex.output.EUR-44.KNMI.MOHC-HadGEM2-ES.rcp45.r1i1p1.RACMO22E.v2.fx",364470,true,true
"cordex.output.EUR-44.KNMI.MOHC-HadGEM2-ES.rcp85.r1i1p1.RACMO22E.v2.fx",364470,true,true
"cordex.output.EUR-44.MPI-CSC.ECMWF-ERAINT.evaluation.r0i0p0.REMO2009.v1.fx",609616,true,true
"cordex.output.EUR-44.MPI-CSC.MPI-M-MPI-ESM-LR.historical.r0i0p0.REMO2009.v1.fx",609616,true,true
"cordex.output.EUR-44.MPI-CSC.MPI-M-MPI-ESM-LR.rcp26.r0i0p0.REMO2009.v1.fx",609616,true,true
"cordex.output.EUR-44.MPI-CSC.MPI-M-MPI-ESM-LR.rcp45.r0i0p0.REMO2009.v1.fx",609616,true,true
"cordex.output.EUR-44.MPI-CSC.MPI-M-MPI-ESM-LR.rcp85.r0i0p0.REMO2009.v1.fx",609616,true,true
"cordex.output.EUR-44.SMHI.CCCma-CanESM2.historical.r0i0p0.RCA4.v1.fx",362002,true,true
"cordex.output.EUR-44.SMHI.CCCma-CanESM2.rcp45.r0i0p0.RCA4.v1.fx",361974,true,true
"cordex.output.EUR-44.SMHI.CCCma-CanESM2.rcp85.r0i0p0.RCA4.v1.fx",361974,true,true
"cordex.output.EUR-44.SMHI.CNRM-CERFACS-CNRM-CM5.historical.r0i0p0.RCA4.v1.fx",362034,true,true
"cordex.output.EUR-44.SMHI.CNRM-CERFACS-CNRM-CM5.rcp45.r0i0p0.RCA4.v1.fx",362006,true,true
"cordex.output.EUR-44.SMHI.CNRM-CERFACS-CNRM-CM5.rcp85.r0i0p0.RCA4.v1.fx",362006,true,true
"cordex.output.EUR-44.SMHI.CSIRO-QCCCE-CSIRO-Mk3-6-0.historical.r0i0p0.RCA4.v1.fx",362022,true,true
"cordex.output.EUR-44.SMHI.CSIRO-QCCCE-CSIRO-Mk3-6-0.rcp45.r0i0p0.RCA4.v1.fx",361974,true,true
"cordex.output.EUR-44.SMHI.CSIRO-QCCCE-CSIRO-Mk3-6-0.rcp85.r0i0p0.RCA4.v1.fx",361974,true,true
"cordex.output.EUR-44.SMHI.ECMWF-ERAINT.evaluation.r0i0p0.RCA4.v1.fx",362054,true,true
"cordex.output.EUR-44.SMHI.ICHEC-EC-EARTH.historical.r0i0p0.RCA4.v1.fx",362008,true,true
"cordex.output.EUR-44.SMHI.ICHEC-EC-EARTH.rcp26.r0i0p0.RCA4.v1.fx",361980,true,true
"cordex.output.EUR-44.SMHI.ICHEC-EC-EARTH.rcp45.r0i0p0.RCA4.v1.fx",361980,true,true
"cordex.output.EUR-44.SMHI.ICHEC-EC-EARTH.rcp85.r0i0p0.RCA4.v1.fx",361980,true,true
"cordex.output.EUR-44.SMHI.IPSL-IPSL-CM5A-MR.historical.r0i0p0.RCA4.v1.fx",362018,true,true
"cordex.output.EUR-44.SMHI.IPSL-IPSL-CM5A-MR.rcp45.r0i0p0.RCA4.v1.fx",361990,true,true
"cordex.output.EUR-44.SMHI.IPSL-IPSL-CM5A-MR.rcp85.r0i0p0.RCA4.v1.fx",361990,true,true
"cordex.output.EUR-44.SMHI.MIROC-MIROC5.historical.r0i0p0.RCA4.v1.fx",361998,true,true
"cordex.output.EUR-44.SMHI.MIROC-MIROC5.rcp26.r0i0p0.RCA4.v1.fx",361886,true,true
"cordex.output.EUR-44.SMHI.MIROC-MIROC5.rcp45.r0i0p0.RCA4.v1.fx",361970,true,true
"cordex.output.EUR-44.SMHI.MIROC-MIROC5.rcp85.r0i0p0.RCA4.v1.fx",361970,true,true
"cordex.output.EUR-44.SMHI.MOHC-HadGEM2-ES.historical.r0i0p0.RCA4.v1.fx",362010,true,true
"cordex.output.EUR-44.SMHI.MOHC-HadGEM2-ES.rcp26.r0i0p0.RCA4.v1.fx",361954,true,true
"cordex.output.EUR-44.SMHI.MOHC-HadGEM2-ES.rcp45.r0i0p0.RCA4.v1.fx",361982,true,true
"cordex.output.EUR-44.SMHI.MOHC-HadGEM2-ES.rcp85.r0i0p0.RCA4.v1.fx",361982,true,true
"cordex.output.EUR-44.SMHI.MPI-M-MPI-ESM-LR.historical.r0i0p0.RCA4.v1.fx",362014,true,true
"cordex.output.EUR-44.SMHI.MPI-M-MPI-ESM-LR.rcp26.r0i0p0.RCA4.v1.fx",361984,true,true
"cordex.output.EUR-44.SMHI.MPI-M-MPI-ESM-LR.rcp45.r0i0p0.RCA4.v1.fx",361984,true,true
"cordex.output.EUR-44.SMHI.MPI-M-MPI-ESM-LR.rcp85.r0i0p0.RCA4.v1.fx",361984,true,true
"cordex.output.EUR-44.SMHI.NCC-NorESM1-M.historical.r0i0p0.RCA4.v1.fx",362002,true,true
"cordex.output.EUR-44.SMHI.NCC-NorESM1-M.rcp26.r0i0p0.RCA4.v1.fx",361910,true,true
"cordex.output.EUR-44.SMHI.NCC-NorESM1-M.rcp45.r0i0p0.RCA4.v1.fx",361974,true,true
"cordex.output.EUR-44.SMHI.NCC-NorESM1-M.rcp85.r0i0p0.RCA4.v1.fx",361974,true,true
"cordex.output.EUR-44.SMHI.NOAA-GFDL-GFDL-ESM2M.historical.r0i0p0.RCA4.v1.fx",362030,true,true
"cordex.output.EUR-44.SMHI.NOAA-GFDL-GFDL-ESM2M.rcp45.r0i0p0.RCA4.v1.fx",362002,true,true
"cordex.output.EUR-44.SMHI.NOAA-GFDL-GFDL-ESM2M.rcp85.r0i0p0.RCA4.v1.fx",362002,true,true
"cordex.output.EUR-44.UCAN.CCCma-CanESM2.rcp45.r0i0p0.WRF341I.v2.fx",264486,true,true
"cordex.output.EUR-44.UCAN.ECMWF-ERAINT.evaluation.r0i0p0.WRF341I.v1.fx",264522,true,true
"cordex.output.EUR-44i.HMS.CNRM-CERFACS-CNRM-CM5.historical.r1i1p1.ALADIN52.v1.fx",113284,true,true
"cordex.output.EUR-44i.HMS.ECMWF-ERAINT.evaluation.r1i1p1.ALADIN52.v1.fx",113224,true,true
"cordex.output.EUR-44i.KNMI.ECMWF-ERAINT.evaluation.r1i1p1.RACMO22E.v1.fx",114487,true,true
"cordex.output.EUR-44i.KNMI.ICHEC-EC-EARTH.historical.r1i1p1.RACMO22E.v1.fx",114447,true,true
"cordex.output.EUR-44i.KNMI.ICHEC-EC-EARTH.rcp45.r1i1p1.RACMO22E.v1.fx",114419,true,true
"cordex.output.EUR-44i.KNMI.ICHEC-EC-EARTH.rcp85.r1i1p1.RACMO22E.v1.fx",114419,true,true
"cordex.output.EUR-44i.SMHI.CCCma-CanESM2.historical.r0i0p0.RCA4.v1.fx",95573,true,true
"cordex.output.EUR-44i.SMHI.CCCma-CanESM2.rcp45.r0i0p0.RCA4.v1.fx",95545,true,true
"cordex.output.EUR-44i.SMHI.CCCma-CanESM2.rcp85.r0i0p0.RCA4.v1.fx",95545,true,true
"cordex.output.EUR-44i.SMHI.CNRM-CERFACS-CNRM-CM5.historical.r0i0p0.RCA4.v1.fx",95589,true,true
"cordex.output.EUR-44i.SMHI.CNRM-CERFACS-CNRM-CM5.rcp45.r0i0p0.RCA4.v1.fx",95561,true,true
"cordex.output.EUR-44i.SMHI.CNRM-CERFACS-CNRM-CM5.rcp85.r0i0p0.RCA4.v1.fx",95561,true,true
"cordex.output.EUR-44i.SMHI.CSIRO-QCCCE-CSIRO-Mk3-6-0.historical.r0i0p0.RCA4.v1.fx",95665,true,true
"cordex.output.EUR-44i.SMHI.CSIRO-QCCCE-CSIRO-Mk3-6-0.rcp45.r0i0p0.RCA4.v1.fx",95617,true,true
"cordex.output.EUR-44i.SMHI.CSIRO-QCCCE-CSIRO-Mk3-6-0.rcp85.r0i0p0.RCA4.v1.fx",95617,true,true
"cordex.output.EUR-44i.SMHI.ECMWF-ERAINT.evaluation.r0i0p0.RCA4.v1.fx",95627,true,true
"cordex.output.EUR-44i.SMHI.ICHEC-EC-EARTH.historical.r0i0p0.RCA4.v1.fx",95577,true,true
"cordex.output.EUR-44i.SMHI.ICHEC-EC-EARTH.rcp26.r0i0p0.RCA4.v1.fx",95549,true,true
"cordex.output.EUR-44i.SMHI.ICHEC-EC-EARTH.rcp45.r0i0p0.RCA4.v1.fx",95549,true,true
"cordex.output.EUR-44i.SMHI.ICHEC-EC-EARTH.rcp85.r0i0p0.RCA4.v1.fx",95549,true,true
"cordex.output.EUR-44i.SMHI.IPSL-IPSL-CM5A-MR.historical.r0i0p0.RCA4.v1.fx",95581,true,true
"cordex.output.EUR-44i.SMHI.IPSL-IPSL-CM5A-MR.rcp45.r0i0p0.RCA4.v1.fx",95553,true,true
"cordex.output.EUR-44i.SMHI.IPSL-IPSL-CM5A-MR.rcp85.r0i0p0.RCA4.v1.fx",95553,true,true
"cordex.output.EUR-44i.SMHI.MIROC-MIROC5.historical.r0i0p0.RCA4.v1.fx",95571,true,true
"cordex.output.EUR-44i.SMHI.MIROC-MIROC5.rcp26.r0i0p0.RCA4.v1.fx",95599,true,true
"cordex.output.EUR-44i.SMHI.MIROC-MIROC5.rcp45.r0i0p0.RCA4.v1.fx",95543,true,true
"cordex.output.EUR-44i.SMHI.MIROC-MIROC5.rcp85.r0i0p0.RCA4.v1.fx",95543,true,true
"cordex.output.EUR-44i.SMHI.MOHC-HadGEM2-ES.historical.r0i0p0.RCA4.v1.fx",95577,true,true
"cordex.output.EUR-44i.SMHI.MOHC-HadGEM2-ES.rcp26.r0i0p0.RCA4.v1.fx",95617,true,true
"cordex.output.EUR-44i.SMHI.MOHC-HadGEM2-ES.rcp45.r0i0p0.RCA4.v1.fx",95549,true,true
"cordex.output.EUR-44i.SMHI.MOHC-HadGEM2-ES.rcp85.r0i0p0.RCA4.v1.fx",95549,true,true
"cordex.output.EUR-44i.SMHI.MPI-M-MPI-ESM-LR.historical.r0i0p0.RCA4.v1.fx",95579,true,true
"cordex.output.EUR-44i.SMHI.MPI-M-MPI-ESM-LR.rcp26.r0i0p0.RCA4.v1.fx",95549,true,true
"cordex.output.EUR-44i.SMHI.MPI-M-MPI-ESM-LR.rcp45.r0i0p0.RCA4.v1.fx",95549,true,true
"cordex.output.EUR-44i.SMHI.MPI-M-MPI-ESM-LR.rcp85.r0i0p0.RCA4.v1.fx",95549,true,true
"cordex.output.EUR-44i.SMHI.NCC-NorESM1-M.historical.r0i0p0.RCA4.v1.fx",95573,true,true
"cordex.output.EUR-44i.SMHI.NCC-NorESM1-M.rcp26.r0i0p0.RCA4.v1.fx",95601,true,true
"cordex.output.EUR-44i.SMHI.NCC-NorESM1-M.rcp45.r0i0p0.RCA4.v1.fx",95545,true,true
"cordex.output.EUR-44i.SMHI.NCC-NorESM1-M.rcp85.r0i0p0.RCA4.v1.fx",95545,true,true
"cordex.output.EUR-44i.SMHI.NOAA-GFDL-GFDL-ESM2M.historical.r0i0p0.RCA4.v1.fx",95587,true,true
"cordex.output.EUR-44i.SMHI.NOAA-GFDL-GFDL-ESM2M.rcp45.r0i0p0.RCA4.v1.fx",95559,true,true
"cordex.output.EUR-44i.SMHI.NOAA-GFDL-GFDL-ESM2M.rcp85.r0i0p0.RCA4.v1.fx",95559,true,true
"cordex.output.MNA-22.SMHI.ECMWF-ERAINT.evaluation.r0i0p0.RCA4.v1.fx",408409,true,true
"cordex.output.MNA-22.SMHI.ICHEC-EC-EARTH.historical.r0i0p0.RCA4.v1.fx",408363,true,true
"cordex.output.MNA-22.SMHI.ICHEC-EC-EARTH.rcp85.r0i0p0.RCA4.v1.fx",408335,true,true
"cordex.output.MNA-22.SMHI.NOAA-GFDL-GFDL-ESM2M.historical.r0i0p0.RCA4.v1.fx",408385,true,true
"cordex.output.MNA-22.SMHI.NOAA-GFDL-GFDL-ESM2M.rcp85.r0i0p0.RCA4.v1.fx",408357,true,true
"cordex.output.MNA-22i.SMHI.ECMWF-ERAINT.evaluation.r0i0p0.RCA4.v1.fx",279643,true,true
"cordex.output.MNA-22i.SMHI.ICHEC-EC-EARTH.historical.r0i0p0.RCA4.v1.fx",279593,true,true
"cordex.output.MNA-22i.SMHI.ICHEC-EC-EARTH.rcp85.r0i0p0.RCA4.v1.fx",279565,true,true
"cordex.output.MNA-22i.SMHI.NOAA-GFDL-GFDL-ESM2M.historical.r0i0p0.RCA4.v1.fx",279603,true,true
"cordex.output.MNA-22i.SMHI.NOAA-GFDL-GFDL-ESM2M.rcp85.r0i0p0.RCA4.v1.fx",279575,true,true
"cordex.output.MNA-44.SMHI.CNRM-CERFACS-CNRM-CM5.historical.r0i0p0.RCA4.v1.fx",151003,true,true
"cordex.output.MNA-44.SMHI.CNRM-CERFACS-CNRM-CM5.rcp45.r0i0p0.RCA4.v1.fx",150975,true,true
"cordex.output.MNA-44.SMHI.CNRM-CERFACS-CNRM-CM5.rcp85.r0i0p0.RCA4.v1.fx",150975,true,true
"cordex.output.MNA-44.SMHI.ECMWF-ERAINT.evaluation.r0i0p0.RCA4.v1.fx",151023,true,true
"cordex.output.MNA-44.SMHI.ICHEC-EC-EARTH.historical.r0i0p0.RCA4.v1.fx",150977,true,true
"cordex.output.MNA-44.SMHI.ICHEC-EC-EARTH.rcp26.r0i0p0.RCA4.v1.fx",150949,true,true
"cordex.output.MNA-44.SMHI.ICHEC-EC-EARTH.rcp45.r0i0p0.RCA4.v1.fx",150949,true,true
"cordex.output.MNA-44.SMHI.ICHEC-EC-EARTH.rcp85.r0i0p0.RCA4.v1.fx",150949,true,true
"cordex.output.MNA-44.SMHI.NOAA-GFDL-GFDL-ESM2M.historical.r0i0p0.RCA4.v1.fx",150999,true,true
"cordex.output.MNA-44.SMHI.NOAA-GFDL-GFDL-ESM2M.rcp45.r0i0p0.RCA4.v1.fx",150971,true,true
"cordex.output.MNA-44.SMHI.NOAA-GFDL-GFDL-ESM2M.rcp85.r0i0p0.RCA4.v1.fx",150971,true,true
"cordex.output.MNA-44i.SMHI.CNRM-CERFACS-CNRM-CM5.historical.r0i0p0.RCA4.v1.fx",108140,true,true
"cordex.output.MNA-44i.SMHI.CNRM-CERFACS-CNRM-CM5.rcp45.r0i0p0.RCA4.v1.fx",108112,true,true
"cordex.output.MNA-44i.SMHI.CNRM-CERFACS-CNRM-CM5.rcp85.r0i0p0.RCA4.v1.fx",108112,true,true
"cordex.output.MNA-44i.SMHI.ECMWF-ERAINT.evaluation.r0i0p0.RCA4.v1.fx",108178,true,true
"cordex.output.MNA-44i.SMHI.ICHEC-EC-EARTH.historical.r0i0p0.RCA4.v1.fx",108128,true,true
"cordex.output.MNA-44i.SMHI.ICHEC-EC-EARTH.rcp26.r0i0p0.RCA4.v1.fx",108100,true,true
"cordex.output.MNA-44i.SMHI.ICHEC-EC-EARTH.rcp45.r0i0p0.RCA4.v1.fx",108100,true,true
"cordex.output.MNA-44i.SMHI.ICHEC-EC-EARTH.rcp85.r0i0p0.RCA4.v1.fx",108100,true,true
"cordex.output.MNA-44i.SMHI.NOAA-GFDL-GFDL-ESM2M.historical.r0i0p0.RCA4.v1.fx",108138,true,true
"cordex.output.MNA-44i.SMHI.NOAA-GFDL-GFDL-ESM2M.rcp45.r0i0p0.RCA4.v1.fx",108110,true,true
"cordex.output.MNA-44i.SMHI.NOAA-GFDL-GFDL-ESM2M.rcp85.r0i0p0.RCA4.v1.fx",108110,true,true
"cordex.output.NAM-11.UQAM.ECMWF-ERAINT.evaluation.r1i1p1.CRCM5.v1.fx",6407080,true,true
"cordex.output.NAM-22.GERICS.MOHC-HadGEM2-ES.historical.r0i0p0.REMO2015.v1.fx",2855116,true,true
"cordex.output.NAM-22.GERICS.MOHC-HadGEM2-ES.rcp26.r0i0p0.REMO2015.v1.fx",2855116,true,true
"cordex.output.NAM-22.GERICS.MOHC-HadGEM2-ES.rcp85.r0i0p0.REMO2015.v1.fx",2855116,true,true
"cordex.output.NAM-22.GERICS.MPI-M-MPI-ESM-LR.historical.r0i0p0.REMO2015.v1.fx",2855116,true,true
"cordex.output.NAM-22.GERICS.MPI-M-MPI-ESM-LR.rcp26.r0i0p0.REMO2015.v1.fx",2855116,true,true
"cordex.output.NAM-22.GERICS.MPI-M-MPI-ESM-LR.rcp85.r0i0p0.REMO2015.v1.fx",2855116,true,true
"cordex.output.NAM-22.GERICS.NCC-NorESM1-M.historical.r0i0p0.REMO2015.v1.fx",2855116,true,true
"cordex.output.NAM-22.GERICS.NCC-NorESM1-M.rcp26.r0i0p0.REMO2015.v1.fx",2855116,true,true
"cordex.output.NAM-22.GERICS.NCC-NorESM1-M.rcp85.r0i0p0.REMO2015.v1.fx",2855116,true,true
"cordex.output.NAM-22.OURANOS.CCCma-CanESM2.historical.r1i1p1.CRCM5.v1.fx",1660659,true,true
"cordex.output.NAM-22.OURANOS.CCCma-CanESM2.rcp85.r1i1p1.CRCM5.v1.fx",1659603,true,true
"cordex.output.NAM-22.OURANOS.CNRM-CERFACS-CNRM-CM5.historical.r1i1p1.CRCM5.v1.fx",1660683,true,true
"cordex.output.NAM-22.OURANOS.CNRM-CERFACS-CNRM-CM5.rcp85.r1i1p1.CRCM5.v1.fx",1659603,true,true
"cordex.output.NAM-22.OURANOS.ECMWF-ERAINT.evaluation.r1i1p1.CRCM5.v1.fx",1663782,true,true
"cordex.output.NAM-22.OURANOS.MPI-M-MPI-ESM-LR.historical.r1i1p1.CRCM5.v1.fx",1663836,true,true
"cordex.output.NAM-22.OURANOS.MPI-M-MPI-ESM-LR.rcp85.r1i1p1.CRCM5.v1.fx",1659607,true,true
"cordex.output.NAM-22.OURANOS.NOAA-GFDL-GFDL-ESM2M.historical.r1i1p1.CRCM5.v1.fx",1660687,true,true
"cordex.output.NAM-22.OURANOS.NOAA-GFDL-GFDL-ESM2M.rcp85.r1i1p1.CRCM5.v1.fx",1659615,true,true
"cordex.output.NAM-22.UQAM.ECMWF-ERAINT.evaluation.r1i1p1.CRCM5.v1.fx",1818500,true,true
"cordex.output.NAM-44.DMI.ECMWF-ERAINT.evaluation.r1i1p1.HIRHAM5.v1.fx",320958,true,true
"cordex.output.NAM-44.DMI.ICHEC-EC-EARTH.historical.r3i1p1.HIRHAM5.v1.fx",320969,true,true
"cordex.output.NAM-44.DMI.ICHEC-EC-EARTH.rcp45.r3i1p1.HIRHAM5.v1.fx",314957,true,true
"cordex.output.NAM-44.DMI.ICHEC-EC-EARTH.rcp85.r3i1p1.HIRHAM5.v1.fx",314957,true,true
"cordex.output.NAM-44.SMHI.CCCma-CanESM2.historical.r0i0p0.RCA4.v1.fx",597365,true,true
"cordex.output.NAM-44.SMHI.CCCma-CanESM2.rcp45.r0i0p0.RCA4.v1.fx",597337,true,true
"cordex.output.NAM-44.SMHI.CCCma-CanESM2.rcp85.r0i0p0.RCA4.v1.fx",597337,true,true
"cordex.output.NAM-44.SMHI.ECMWF-ERAINT.evaluation.r0i0p0.RCA4.v1.fx",597417,true,true
"cordex.output.NAM-44.SMHI.ICHEC-EC-EARTH.historical.r0i0p0.RCA4.v1.fx",597371,true,true
"cordex.output.NAM-44.SMHI.ICHEC-EC-EARTH.rcp26.r0i0p0.RCA4.v1.fx",597343,true,true
"cordex.output.NAM-44.SMHI.ICHEC-EC-EARTH.rcp45.r0i0p0.RCA4.v1.fx",597343,true,true
"cordex.output.NAM-44.SMHI.ICHEC-EC-EARTH.rcp85.r0i0p0.RCA4.v1.fx",597343,true,true
"cordex.output.NAM-44.UQAM.CCCma-CanESM2.historical.r1i1p1.CRCM5.v1.fx",534901,true,true
"cordex.output.NAM-44.UQAM.CCCma-CanESM2.rcp45.r1i1p1.CRCM5.v1.fx",825992,true,true
"cordex.output.NAM-44.UQAM.CCCma-CanESM2.rcp85.r1i1p1.CRCM5.v1.fx",534901,true,true
"cordex.output.NAM-44.UQAM.ECMWF-ERAINT.evaluation.r1i1p1.CRCM5.v1.fx",535933,true,true
"cordex.output.NAM-44.UQAM.MPI-M-MPI-ESM-LR.historical.r1i1p1.CRCM5.v1.fx",534895,true,true
"cordex.output.NAM-44.UQAM.MPI-M-MPI-ESM-LR.rcp45.r1i1p1.CRCM5.v1.fx",534895,true,true
"cordex.output.NAM-44i.SMHI.CCCma-CanESM2.historical.r0i0p0.RCA4.v1.fx",137669,true,true
"cordex.output.NAM-44i.SMHI.CCCma-CanESM2.rcp45.r0i0p0.RCA4.v1.fx",137641,true,true
"cordex.output.NAM-44i.SMHI.CCCma-CanESM2.rcp85.r0i0p0.RCA4.v1.fx",137641,true,true
"cordex.output.NAM-44i.SMHI.ECMWF-ERAINT.evaluation.r0i0p0.RCA4.v1.fx",137723,true,true
"cordex.output.NAM-44i.SMHI.ICHEC-EC-EARTH.historical.r0i0p0.RCA4.v1.fx",137673,true,true
"cordex.output.NAM-44i.SMHI.ICHEC-EC-EARTH.rcp26.r0i0p0.RCA4.v1.fx",137645,true,true
"cordex.output.NAM-44i.SMHI.ICHEC-EC-EARTH.rcp45.r0i0p0.RCA4.v1.fx",137645,true,true
"cordex.output.NAM-44i.SMHI.ICHEC-EC-EARTH.rcp85.r0i0p0.RCA4.v1.fx",137645,true,true
"cordex.output.SAM-22.GERICS.ECMWF-ERAINT.evaluation.r0i0p0.REMO2015.v1.fx",3517385,true,true
"cordex.output.SAM-22.GERICS.MOHC-HadGEM2-ES.historical.r0i0p0.REMO2015.v1.fx",3517385,true,true
"cordex.output.SAM-22.GERICS.MOHC-HadGEM2-ES.rcp26.r0i0p0.REMO2015.v1.fx",3517385,true,true
"cordex.output.SAM-22.GERICS.MOHC-HadGEM2-ES.rcp85.r0i0p0.REMO2015.v1.fx",3517405,true,true
"cordex.output.SAM-22.GERICS.MPI-M-MPI-ESM-LR.historical.r0i0p0.REMO2015.v1.fx",3517385,true,true
"cordex.output.SAM-22.GERICS.MPI-M-MPI-ESM-LR.rcp26.r0i0p0.REMO2015.v1.fx",3517385,true,true
"cordex.output.SAM-22.GERICS.MPI-M-MPI-ESM-LR.rcp85.r0i0p0.REMO2015.v1.fx",3517385,true,true
"cordex.output.SAM-22.GERICS.NCC-NorESM1-M.historical.r0i0p0.REMO2015.v1.fx",3517385,true,true
"cordex.output.SAM-22.GERICS.NCC-NorESM1-M.rcp26.r0i0p0.REMO2015.v1.fx",3517385,true,true
"cordex.output.SAM-22.GERICS.NCC-NorESM1-M.rcp85.r0i0p0.REMO2015.v1.fx",3517385,true,true
"cordex.output.SAM-22.ICTP.ECMWF-ERAINT.evaluation.r1i1p1.RegCM4-7.v0.fx",1270947,true,true
"cordex.output.SAM-22.ICTP.MOHC-HadGEM2-ES.historical.r1i1p1.RegCM4-7.v0.fx",3123733,true,true
"cordex.output.SAM-22.ICTP.MOHC-HadGEM2-ES.rcp26.r1i1p1.RegCM4-7.v0.fx",3117521,true,true
"cordex.output.SAM-22.ICTP.MOHC-HadGEM2-ES.rcp85.r1i1p1.RegCM4-7.v0.fx",3117521,true,true
"cordex.output.SAM-22.ICTP.MPI-M-MPI-ESM-MR.historical.r1i1p1.RegCM4-7.v0.fx",3118252,true,true
"cordex.output.SAM-22.ICTP.MPI-M-MPI-ESM-MR.rcp26.r1i1p1.RegCM4-7.v0.fx",3117521,true,true
"cordex.output.SAM-22.ICTP.MPI-M-MPI-ESM-MR.rcp85.r1i1p1.RegCM4-7.v0.fx",3117521,true,true
"cordex.output.SAM-22.ICTP.NCC-NorESM1-M.historical.r1i1p1.RegCM4-7.v0.fx",3118242,true,true
"cordex.output.SAM-22.ICTP.NCC-NorESM1-M.rcp26.r1i1p1.RegCM4-7.v0.fx",3117521,true,true
"cordex.output.SAM-22.ICTP.NCC-NorESM1-M.rcp85.r1i1p1.RegCM4-7.v0.fx",3117521,true,true
"cordex.output.SAM-44.MPI-CSC.ECMWF-ERAINT.evaluation.r0i0p0.REMO2009.v1.fx",954201,true,true
"cordex.output.SAM-44.MPI-CSC.MPI-M-MPI-ESM-LR.historical.r0i0p0.REMO2009.v1.fx",954201,true,true
"cordex.output.SAM-44.MPI-CSC.MPI-M-MPI-ESM-LR.rcp26.r0i0p0.REMO2009.v1.fx",954181,true,true
"cordex.output.SAM-44.MPI-CSC.MPI-M-MPI-ESM-LR.rcp45.r0i0p0.REMO2009.v1.fx",954181,true,true
"cordex.output.SAM-44.MPI-CSC.MPI-M-MPI-ESM-LR.rcp85.r0i0p0.REMO2009.v1.fx",954181,true,true
"cordex.output.SAM-44.SMHI.CCCma-CanESM2.historical.r0i0p0.RCA4.v3.fx",671729,true,true
"cordex.output.SAM-44.SMHI.CCCma-CanESM2.rcp45.r0i0p0.RCA4.v3.fx",671701,true,true
"cordex.output.SAM-44.SMHI.CCCma-CanESM2.rcp85.r0i0p0.RCA4.v3.fx",671701,true,true
"cordex.output.SAM-44.SMHI.CSIRO-QCCCE-CSIRO-Mk3-6-0.historical.r0i0p0.RCA4.v3.fx",671757,true,true
"cordex.output.SAM-44.SMHI.CSIRO-QCCCE-CSIRO-Mk3-6-0.rcp45.r0i0p0.RCA4.v3.fx",671749,true,true
"cordex.output.SAM-44.SMHI.CSIRO-QCCCE-CSIRO-Mk3-6-0.rcp85.r0i0p0.RCA4.v3.fx",671749,true,true
"cordex.output.SAM-44.SMHI.ECMWF-ERAINT.evaluation.r0i0p0.RCA4.v3.fx",671845,true,true
"cordex.output.SAM-44.SMHI.ICHEC-EC-EARTH.historical.r0i0p0.RCA4.v3.fx",671799,true,true
"cordex.output.SAM-44.SMHI.ICHEC-EC-EARTH.rcp26.r0i0p0.RCA4.v3.fx",671707,true,true
"cordex.output.SAM-44.SMHI.ICHEC-EC-EARTH.rcp45.r0i0p0.RCA4.v3.fx",671771,true,true
"cordex.output.SAM-44.SMHI.ICHEC-EC-EARTH.rcp85.r0i0p0.RCA4.v3.fx",671771,true,true
"cordex.output.SAM-44.SMHI.IPSL-IPSL-CM5A-MR.historical.r0i0p0.RCA4.v3.fx",671745,true,true
"cordex.output.SAM-44.SMHI.IPSL-IPSL-CM5A-MR.rcp45.r0i0p0.RCA4.v3.fx",671717,true,true
"cordex.output.SAM-44.SMHI.IPSL-IPSL-CM5A-MR.rcp85.r0i0p0.RCA4.v3.fx",671717,true,true
"cordex.output.SAM-44.SMHI.MIROC-MIROC5.historical.r0i0p0.RCA4.v3.fx",671725,true,true
"cordex.output.SAM-44.SMHI.MIROC-MIROC5.rcp26.r0i0p0.RCA4.v3.fx",671677,true,true
"cordex.output.SAM-44.SMHI.MIROC-MIROC5.rcp45.r0i0p0.RCA4.v3.fx",671677,true,true
"cordex.output.SAM-44.SMHI.MIROC-MIROC5.rcp85.r0i0p0.RCA4.v3.fx",671677,true,true
"cordex.output.SAM-44.SMHI.MOHC-HadGEM2-ES.historical.r0i0p0.RCA4.v3.fx",671737,true,true
"cordex.output.SAM-44.SMHI.MOHC-HadGEM2-ES.rcp26.r0i0p0.RCA4.v3.fx",671709,true,true
"cordex.output.SAM-44.SMHI.MOHC-HadGEM2-ES.rcp45.r0i0p0.RCA4.v3.fx",671709,true,true
"cordex.output.SAM-44.SMHI.MOHC-HadGEM2-ES.rcp85.r0i0p0.RCA4.v3.fx",671709,true,true
"cordex.output.SAM-44.SMHI.MPI-M-MPI-ESM-LR.historical.r0i0p0.RCA4.v3.fx",671741,true,true
"cordex.output.SAM-44.SMHI.MPI-M-MPI-ESM-LR.rcp26.r0i0p0.RCA4.v3.fx",671711,true,true
"cordex.output.SAM-44.SMHI.MPI-M-MPI-ESM-LR.rcp45.r0i0p0.RCA4.v3.fx",671711,true,true
"cordex.output.SAM-44.SMHI.MPI-M-MPI-ESM-LR.rcp85.r0i0p0.RCA4.v3.fx",671711,true,true
"cordex.output.SAM-44.SMHI.NCC-NorESM1-M.historical.r0i0p0.RCA4.v3.fx",671729,true,true
"cordex.output.SAM-44.SMHI.NCC-NorESM1-M.rcp26.r0i0p0.RCA4.v3.fx",671701,true,true
"cordex.output.SAM-44.SMHI.NCC-NorESM1-M.rcp45.r0i0p0.RCA4.v3.fx",671701,true,true
"cordex.output.SAM-44.SMHI.NCC-NorESM1-M.rcp85.r0i0p0.RCA4.v3.fx",671701,true,true
"cordex.output.SAM-44.SMHI.NOAA-GFDL-GFDL-ESM2M.historical.r0i0p0.RCA4.v3.fx",671757,true,true
"cordex.output.SAM-44.SMHI.NOAA-GFDL-GFDL-ESM2M.rcp45.r0i0p0.RCA4.v3.fx",671729,true,true
"cordex.output.SAM-44.SMHI.NOAA-GFDL-GFDL-ESM2M.rcp85.r0i0p0.RCA4.v3.fx",671729,true,true
"cordex.output.SAM-44.UCAN.CCCma-CanESM2.rcp85.r0i0p0.WRF341I.v2.fx",328752,true,true
"cordex.output.SAM-44.UCAN.ECMWF-ERAINT.evaluation.r0i0p0.WRF341I.v1.fx",335080,true,true
"cordex.output.SAM-44i.SMHI.CCCma-CanESM2.historical.r0i0p0.RCA4.v3.fx",86216,true,true
"cordex.output.SAM-44i.SMHI.CCCma-CanESM2.rcp45.r0i0p0.RCA4.v3.fx",86188,true,true
"cordex.output.SAM-44i.SMHI.CCCma-CanESM2.rcp85.r0i0p0.RCA4.v3.fx",86188,true,true
"cordex.output.SAM-44i.SMHI.CSIRO-QCCCE-CSIRO-Mk3-6-0.historical.r0i0p0.RCA4.v3.fx",86264,true,true
"cordex.output.SAM-44i.SMHI.CSIRO-QCCCE-CSIRO-Mk3-6-0.rcp45.r0i0p0.RCA4.v3.fx",86236,true,true
"cordex.output.SAM-44i.SMHI.CSIRO-QCCCE-CSIRO-Mk3-6-0.rcp85.r0i0p0.RCA4.v3.fx",86236,true,true
"cordex.output.SAM-44i.SMHI.ECMWF-ERAINT.evaluation.r0i0p0.RCA4.v3.fx",86224,true,true
"cordex.output.SAM-44i.SMHI.ICHEC-EC-EARTH.historical.r0i0p0.RCA4.v3.fx",86174,true,true
"cordex.output.SAM-44i.SMHI.ICHEC-EC-EARTH.rcp26.r0i0p0.RCA4.v3.fx",86202,true,true
"cordex.output.SAM-44i.SMHI.ICHEC-EC-EARTH.rcp45.r0i0p0.RCA4.v3.fx",86146,true,true
"cordex.output.SAM-44i.SMHI.ICHEC-EC-EARTH.rcp85.r0i0p0.RCA4.v3.fx",86146,true,true
"cordex.output.SAM-44i.SMHI.IPSL-IPSL-CM5A-MR.historical.r0i0p0.RCA4.v3.fx",86232,true,true
"cordex.output.SAM-44i.SMHI.IPSL-IPSL-CM5A-MR.rcp45.r0i0p0.RCA4.v3.fx",86204,true,true
"cordex.output.SAM-44i.SMHI.IPSL-IPSL-CM5A-MR.rcp85.r0i0p0.RCA4.v3.fx",86204,true,true
"cordex.output.SAM-44i.SMHI.MIROC-MIROC5.historical.r0i0p0.RCA4.v3.fx",86212,true,true
"cordex.output.SAM-44i.SMHI.MIROC-MIROC5.rcp26.r0i0p0.RCA4.v3.fx",86184,true,true
"cordex.output.SAM-44i.SMHI.MIROC-MIROC5.rcp45.r0i0p0.RCA4.v3.fx",86184,true,true
"cordex.output.SAM-44i.SMHI.MIROC-MIROC5.rcp85.r0i0p0.RCA4.v3.fx",86184,true,true
"cordex.output.SAM-44i.SMHI.MOHC-HadGEM2-ES.historical.r0i0p0.RCA4.v3.fx",86224,true,true
"cordex.output.SAM-44i.SMHI.MOHC-HadGEM2-ES.rcp26.r0i0p0.RCA4.v3.fx",86196,true,true
"cordex.output.SAM-44i.SMHI.MOHC-HadGEM2-ES.rcp45.r0i0p0.RCA4.v3.fx",86196,true,true
"cordex.output.SAM-44i.SMHI.MOHC-HadGEM2-ES.rcp85.r0i0p0.RCA4.v3.fx",86196,true,true
"cordex.output.SAM-44i.SMHI.MPI-M-MPI-ESM-LR.historical.r0i0p0.RCA4.v3.fx",86232,true,true
"cordex.output.SAM-44i.SMHI.MPI-M-MPI-ESM-LR.rcp26.r0i0p0.RCA4.v3.fx",86202,true,true
"cordex.output.SAM-44i.SMHI.MPI-M-MPI-ESM-LR.rcp45.r0i0p0.RCA4.v3.fx",86202,true,true
"cordex.output.SAM-44i.SMHI.MPI-M-MPI-ESM-LR.rcp85.r0i0p0.RCA4.v3.fx",86202,true,true
"cordex.output.SAM-44i.SMHI.NCC-NorESM1-M.historical.r0i0p0.RCA4.v3.fx",86216,true,true
"cordex.output.SAM-44i.SMHI.NCC-NorESM1-M.rcp26.r0i0p0.RCA4.v3.fx",86188,true,true
"cordex.output.SAM-44i.SMHI.NCC-NorESM1-M.rcp45.r0i0p0.RCA4.v3.fx",86188,true,true
"cordex.output.SAM-44i.SMHI.NCC-NorESM1-M.rcp85.r0i0p0.RCA4.v3.fx",86188,true,true
"cordex.output.SAM-44i.SMHI.NOAA-GFDL-GFDL-ESM2M.historical.r0i0p0.RCA4.v3.fx",86244,true,true
"cordex.output.SAM-44i.SMHI.NOAA-GFDL-GFDL-ESM2M.rcp45.r0i0p0.RCA4.v3.fx",86216,true,true
"cordex.output.SAM-44i.SMHI.NOAA-GFDL-GFDL-ESM2M.rcp85.r0i0p0.RCA4.v3.fx",86216,true,true
"cordex.output.SEA-22.GERICS.ECMWF-ERAINT.evaluation.r0i0p0.REMO2015.v1.fx",293013,true,true
"cordex.output.SEA-22.GERICS.MOHC-HadGEM2-ES.historical.r0i0p0.REMO2015.v1.fx",293013,true,true
"cordex.output.SEA-22.GERICS.MOHC-HadGEM2-ES.rcp26.r0i0p0.REMO2015.v1.fx",293013,true,true
"cordex.output.SEA-22.GERICS.MOHC-HadGEM2-ES.rcp85.r0i0p0.REMO2015.v1.fx",293013,true,true
"cordex.output.SEA-22.GERICS.MPI-M-MPI-ESM-LR.historical.r0i0p0.REMO2015.v1.fx",293013,true,true
"cordex.output.SEA-22.GERICS.MPI-M-MPI-ESM-LR.rcp26.r0i0p0.REMO2015.v1.fx",293013,true,true
"cordex.output.SEA-22.GERICS.MPI-M-MPI-ESM-LR.rcp85.r0i0p0.REMO2015.v1.fx",293013,true,true
"cordex.output.SEA-22.GERICS.NCC-NorESM1-M.historical.r0i0p0.REMO2015.v1.fx",293013,true,true
"cordex.output.SEA-22.GERICS.NCC-NorESM1-M.rcp26.r0i0p0.REMO2015.v1.fx",293013,true,true
"cordex.output.SEA-22.GERICS.NCC-NorESM1-M.rcp85.r0i0p0.REMO2015.v1.fx",293013,true,true
"cordex.output.SEA-22.SMHI.ECMWF-ERAINT.evaluation.r0i0p0.RCA4.v1.fx",165629,true,true
"cordex.output.SEA-22.SMHI.MOHC-HadGEM2-ES.historical.r0i0p0.RCA4.v1.fx",165579,true,true
"cordex.output.SEA-22.SMHI.MOHC-HadGEM2-ES.rcp45.r0i0p0.RCA4.v1.fx",165561,true,true
"cordex.output.SEA-22.SMHI.MOHC-HadGEM2-ES.rcp85.r0i0p0.RCA4.v1.fx",165561,true,true
"cordex.output.WAS-22.CLMcom-ETH.ECMWF-ERAINT.evaluation.r0i0p0.COSMO-crCLIM-v1-1.v1.fx",1474490,true,true
"cordex.output.WAS-22.CLMcom-ETH.ICHEC-EC-EARTH.historical.r0i0p0.COSMO-crCLIM-v1-1.v1.fx",1479352,true,true
"cordex.output.WAS-22.CLMcom-ETH.ICHEC-EC-EARTH.rcp85.r0i0p0.COSMO-crCLIM-v1-1.v1.fx",1479332,true,true
"cordex.output.WAS-22.CLMcom-ETH.MPI-M-MPI-ESM-LR.historical.r0i0p0.COSMO-crCLIM-v1-1.v1.fx",1479356,true,true
"cordex.output.WAS-22.CLMcom-ETH.MPI-M-MPI-ESM-LR.rcp26.r0i0p0.COSMO-crCLIM-v1-1.v1.fx",1479336,true,true
"cordex.output.WAS-22.CLMcom-ETH.MPI-M-MPI-ESM-LR.rcp85.r0i0p0.COSMO-crCLIM-v1-1.v1.fx",1479336,true,true
"cordex.output.WAS-22.CLMcom-ETH.NCC-NorESM1-M.historical.r0i0p0.COSMO-crCLIM-v1-1.v1.fx",1479350,true,true
"cordex.output.WAS-22.CLMcom-ETH.NCC-NorESM1-M.rcp26.r0i0p0.COSMO-crCLIM-v1-1.v1.fx",1479330,true,true
"cordex.output.WAS-22.CLMcom-ETH.NCC-NorESM1-M.rcp85.r0i0p0.COSMO-crCLIM-v1-1.v1.fx",1479330,true,true
"cordex.output.WAS-22.GERICS.ECMWF-ERAINT.evaluation.r0i0p0.REMO2015.v1.fx",3741139,true,true
"cordex.output.WAS-22.GERICS.MOHC-HadGEM2-ES.historical.r0i0p0.REMO2015.v1.fx",3741139,true,true
"cordex.output.WAS-22.GERICS.MOHC-HadGEM2-ES.rcp26.r0i0p0.REMO2015.v1.fx",3741139,true,true
"cordex.output.WAS-22.GERICS.MOHC-HadGEM2-ES.rcp85.r0i0p0.REMO2015.v1.fx",3741139,true,true
"cordex.output.WAS-22.GERICS.MPI-M-MPI-ESM-LR.historical.r0i0p0.REMO2015.v1.fx",3741139,true,true
"cordex.output.WAS-22.GERICS.MPI-M-MPI-ESM-LR.rcp26.r0i0p0.REMO2015.v1.fx",3741139,true,true
"cordex.output.WAS-22.GERICS.MPI-M-MPI-ESM-LR.rcp85.r0i0p0.REMO2015.v1.fx",3741139,true,true
"cordex.output.WAS-22.GERICS.NCC-NorESM1-M.historical.r0i0p0.REMO2015.v1.fx",3741139,true,true
"cordex.output.WAS-22.GERICS.NCC-NorESM1-M.rcp26.r0i0p0.REMO2015.v1.fx",3741139,true,true
"cordex.output.WAS-22.GERICS.NCC-NorESM1-M.rcp85.r0i0p0.REMO2015.v1.fx",3741139,true,true
"cordex.output.WAS-22.ICTP.ECMWF-ERAINT.evaluation.r1i1p1.RegCM4-7.v0.fx",3873300,true,true
"cordex.output.WAS-22.ORNL.MIROC-MIROC5.historical.r1i1p1.RegCM4-7.v0.fx",3861067,true,true
"cordex.output.WAS-22.ORNL.MIROC-MIROC5.rcp26.r1i1p1.RegCM4-7.v0.fx",3861057,true,true
"cordex.output.WAS-22.ORNL.MIROC-MIROC5.rcp85.r1i1p1.RegCM4-7.v0.fx",3861057,true,true
"cordex.output.WAS-22.ORNL.MPI-M-MPI-ESM-MR.historical.r1i1p1.RegCM4-7.v0.fx",3861067,true,true
"cordex.output.WAS-22.ORNL.MPI-M-MPI-ESM-MR.rcp26.r1i1p1.RegCM4-7.v0.fx",3861057,true,true
"cordex.output.WAS-22.ORNL.MPI-M-MPI-ESM-MR.rcp85.r1i1p1.RegCM4-7.v0.fx",3861057,true,true
"cordex.output.WAS-22.ORNL.NCC-NorESM1-M.historical.r1i1p1.RegCM4-7.v0.fx",3861067,true,true
"cordex.output.WAS-22.ORNL.NCC-NorESM1-M.rcp26.r1i1p1.RegCM4-7.v0.fx",3867223,true,true
"cordex.output.WAS-22.ORNL.NCC-NorESM1-M.rcp85.r1i1p1.RegCM4-7.v0.fx",3861057,true,true
"cordex.output.WAS-44.MPI-CSC.MPI-M-MPI-ESM-LR.historical.r1i1p1.REMO2009.v1.fx",482788,true,true
"cordex.output.WAS-44.MPI-CSC.MPI-M-MPI-ESM-LR.rcp26.r1i1p1.REMO2009.v1.fx",482661,true,true
"cordex.output.WAS-44.MPI-CSC.MPI-M-MPI-ESM-LR.rcp45.r1i1p1.REMO2009.v1.fx",482768,true,true
"cordex.output.WAS-44.MPI-CSC.MPI-M-MPI-ESM-LR.rcp85.r1i1p1.REMO2009.v1.fx",482768,true,true
"cordex.output.WAS-44.SMHI.CCCma-CanESM2.historical.r0i0p0.RCA4.v2.fx",714587,true,true
"cordex.output.WAS-44.SMHI.CCCma-CanESM2.rcp45.r0i0p0.RCA4.v2.fx",714559,true,true
"cordex.output.WAS-44.SMHI.CCCma-CanESM2.rcp85.r0i0p0.RCA4.v2.fx",714559,true,true
"cordex.output.WAS-44.SMHI.CNRM-CERFACS-CNRM-CM5.historical.r0i0p0.RCA4.v2.fx",714619,true,true
"cordex.output.WAS-44.SMHI.CNRM-CERFACS-CNRM-CM5.rcp45.r0i0p0.RCA4.v2.fx",714591,true,true
"cordex.output.WAS-44.SMHI.CNRM-CERFACS-CNRM-CM5.rcp85.r0i0p0.RCA4.v2.fx",714591,true,true
"cordex.output.WAS-44.SMHI.CSIRO-QCCCE-CSIRO-Mk3-6-0.historical.r0i0p0.RCA4.v2.fx",714615,true,true
"cordex.output.WAS-44.SMHI.CSIRO-QCCCE-CSIRO-Mk3-6-0.rcp45.r0i0p0.RCA4.v2.fx",714607,true,true
"cordex.output.WAS-44.SMHI.CSIRO-QCCCE-CSIRO-Mk3-6-0.rcp85.r0i0p0.RCA4.v2.fx",714607,true,true
"cordex.output.WAS-44.SMHI.ECMWF-ERAINT.evaluation.r0i0p0.RCA4.v2.fx",714703,true,true
"cordex.output.WAS-44.SMHI.ICHEC-EC-EARTH.historical.r0i0p0.RCA4.v2.fx",714657,true,true
"cordex.output.WAS-44.SMHI.ICHEC-EC-EARTH.rcp26.r0i0p0.RCA4.v2.fx",714629,true,true
"cordex.output.WAS-44.SMHI.ICHEC-EC-EARTH.rcp45.r0i0p0.RCA4.v2.fx",714629,true,true
"cordex.output.WAS-44.SMHI.ICHEC-EC-EARTH.rcp85.r0i0p0.RCA4.v2.fx",714629,true,true
"cordex.output.WAS-44.SMHI.IPSL-IPSL-CM5A-MR.historical.r0i0p0.RCA4.v2.fx",714603,true,true
"cordex.output.WAS-44.SMHI.IPSL-IPSL-CM5A-MR.rcp45.r0i0p0.RCA4.v2.fx",714575,true,true
"cordex.output.WAS-44.SMHI.IPSL-IPSL-CM5A-MR.rcp85.r0i0p0.RCA4.v2.fx",714575,true,true
"cordex.output.WAS-44.SMHI.MIROC-MIROC5.historical.r0i0p0.RCA4.v2.fx",714583,true,true
"cordex.output.WAS-44.SMHI.MIROC-MIROC5.rcp26.r0i0p0.RCA4.v2.fx",714535,true,true
"cordex.output.WAS-44.SMHI.MIROC-MIROC5.rcp45.r0i0p0.RCA4.v2.fx",714535,true,true
"cordex.output.WAS-44.SMHI.MIROC-MIROC5.rcp85.r0i0p0.RCA4.v2.fx",714535,true,true
"cordex.output.WAS-44.SMHI.MOHC-HadGEM2-ES.historical.r0i0p0.RCA4.v2.fx",714595,true,true
"cordex.output.WAS-44.SMHI.MOHC-HadGEM2-ES.rcp26.r0i0p0.RCA4.v2.fx",714567,true,true
"cordex.output.WAS-44.SMHI.MOHC-HadGEM2-ES.rcp45.r0i0p0.RCA4.v2.fx",714567,true,true
"cordex.output.WAS-44.SMHI.MOHC-HadGEM2-ES.rcp85.r0i0p0.RCA4.v2.fx",714567,true,true
"cordex.output.WAS-44.SMHI.MPI-M-MPI-ESM-LR.historical.r0i0p0.RCA4.v2.fx",714599,true,true
"cordex.output.WAS-44.SMHI.MPI-M-MPI-ESM-LR.rcp26.r0i0p0.RCA4.v2.fx",714569,true,true
"cordex.output.WAS-44.SMHI.MPI-M-MPI-ESM-LR.rcp45.r0i0p0.RCA4.v2.fx",714569,true,true
"cordex.output.WAS-44.SMHI.MPI-M-MPI-ESM-LR.rcp85.r0i0p0.RCA4.v2.fx",714569,true,true
"cordex.output.WAS-44.SMHI.NCC-NorESM1-M.historical.r0i0p0.RCA4.v2.fx",714587,true,true
"cordex.output.WAS-44.SMHI.NCC-NorESM1-M.rcp26.r0i0p0.RCA4.v2.fx",714559,true,true
"cordex.output.WAS-44.SMHI.NCC-NorESM1-M.rcp45.r0i0p0.RCA4.v2.fx",714559,true,true
"cordex.output.WAS-44.SMHI.NCC-NorESM1-M.rcp85.r0i0p0.RCA4.v2.fx",714559,true,true
"cordex.output.WAS-44.SMHI.NOAA-GFDL-GFDL-ESM2M.historical.r0i0p0.RCA4.v2.fx",714615,true,true
"cordex.output.WAS-44.SMHI.NOAA-GFDL-GFDL-ESM2M.rcp45.r0i0p0.RCA4.v2.fx",714587,true,true
"cordex.output.WAS-44.SMHI.NOAA-GFDL-GFDL-ESM2M.rcp85.r0i0p0.RCA4.v2.fx",714587,true,true
"cordex.output.WAS-44i.MPI-CSC.MPI-M-MPI-ESM-LR.historical.r1i1p1.REMO2009.v1.fx",117650,true,true
"cordex.output.WAS-44i.MPI-CSC.MPI-M-MPI-ESM-LR.rcp26.r1i1p1.REMO2009.v1.fx",117612,true,true
"cordex.output.WAS-44i.MPI-CSC.MPI-M-MPI-ESM-LR.rcp45.r1i1p1.REMO2009.v1.fx",117640,true,true
"cordex.output.WAS-44i.MPI-CSC.MPI-M-MPI-ESM-LR.rcp85.r1i1p1.REMO2009.v1.fx",117640,true,true
"cordex.output.WAS-44i.SMHI.CCCma-CanESM2.historical.r0i0p0.RCA4.v2.fx",110170,true,true
"cordex.output.WAS-44i.SMHI.CCCma-CanESM2.rcp45.r0i0p0.RCA4.v2.fx",110142,true,true
"cordex.output.WAS-44i.SMHI.CCCma-CanESM2.rcp85.r0i0p0.RCA4.v2.fx",110142,true,true
"cordex.output.WAS-44i.SMHI.CNRM-CERFACS-CNRM-CM5.historical.r0i0p0.RCA4.v2.fx",110196,true,true
"cordex.output.WAS-44i.SMHI.CNRM-CERFACS-CNRM-CM5.rcp45.r0i0p0.RCA4.v2.fx",110168,true,true
"cordex.output.WAS-44i.SMHI.CNRM-CERFACS-CNRM-CM5.rcp85.r0i0p0.RCA4.v2.fx",110168,true,true
"cordex.output.WAS-44i.SMHI.CSIRO-QCCCE-CSIRO-Mk3-6-0.historical.r0i0p0.RCA4.v2.fx",110218,true,true
"cordex.output.WAS-44i.SMHI.CSIRO-QCCCE-CSIRO-Mk3-6-0.rcp45.r0i0p0.RCA4.v2.fx",110190,true,true
"cordex.output.WAS-44i.SMHI.CSIRO-QCCCE-CSIRO-Mk3-6-0.rcp85.r0i0p0.RCA4.v2.fx",110190,true,true
"cordex.output.WAS-44i.SMHI.ECMWF-ERAINT.evaluation.r0i0p0.RCA4.v2.fx",110178,true,true
"cordex.output.WAS-44i.SMHI.ICHEC-EC-EARTH.historical.r0i0p0.RCA4.v2.fx",110128,true,true
"cordex.output.WAS-44i.SMHI.ICHEC-EC-EARTH.rcp26.r0i0p0.RCA4.v2.fx",110100,true,true
"cordex.output.WAS-44i.SMHI.ICHEC-EC-EARTH.rcp45.r0i0p0.RCA4.v2.fx",110100,true,true
"cordex.output.WAS-44i.SMHI.ICHEC-EC-EARTH.rcp85.r0i0p0.RCA4.v2.fx",110100,true,true
"cordex.output.WAS-44i.SMHI.IPSL-IPSL-CM5A-MR.historical.r0i0p0.RCA4.v2.fx",110188,true,true
"cordex.output.WAS-44i.SMHI.IPSL-IPSL-CM5A-MR.rcp45.r0i0p0.RCA4.v2.fx",110160,true,true
"cordex.output.WAS-44i.SMHI.IPSL-IPSL-CM5A-MR.rcp85.r0i0p0.RCA4.v2.fx",110160,true,true
"cordex.output.WAS-44i.SMHI.MIROC-MIROC5.historical.r0i0p0.RCA4.v2.fx",110178,true,true
"cordex.output.WAS-44i.SMHI.MIROC-MIROC5.rcp26.r0i0p0.RCA4.v2.fx",110138,true,true
"cordex.output.WAS-44i.SMHI.MIROC-MIROC5.rcp45.r0i0p0.RCA4.v2.fx",110150,true,true
"cordex.output.WAS-44i.SMHI.MIROC-MIROC5.rcp85.r0i0p0.RCA4.v2.fx",110150,true,true
"cordex.output.WAS-44i.SMHI.MOHC-HadGEM2-ES.historical.r0i0p0.RCA4.v2.fx",110178,true,true
"cordex.output.WAS-44i.SMHI.MOHC-HadGEM2-ES.rcp26.r0i0p0.RCA4.v2.fx",110150,true,true
"cordex.output.WAS-44i.SMHI.MOHC-HadGEM2-ES.rcp45.r0i0p0.RCA4.v2.fx",110150,true,true
"cordex.output.WAS-44i.SMHI.MOHC-HadGEM2-ES.rcp85.r0i0p0.RCA4.v2.fx",110150,true,true
"cordex.output.WAS-44i.SMHI.MPI-M-MPI-ESM-LR.historical.r0i0p0.RCA4.v2.fx",110186,true,true
"cordex.output.WAS-44i.SMHI.MPI-M-MPI-ESM-LR.rcp26.r0i0p0.RCA4.v2.fx",110156,true,true
"cordex.output.WAS-44i.SMHI.MPI-M-MPI-ESM-LR.rcp45.r0i0p0.RCA4.v2.fx",110156,true,true
"cordex.output.WAS-44i.SMHI.MPI-M-MPI-ESM-LR.rcp85.r0i0p0.RCA4.v2.fx",110156,true,true
"cordex.output.WAS-44i.SMHI.NCC-NorESM1-M.historical.r0i0p0.RCA4.v2.fx",110170,true,true
"cordex.output.WAS-44i.SMHI.NCC-NorESM1-M.rcp26.r0i0p0.RCA4.v2.fx",110142,true,true
"cordex.output.WAS-44i.SMHI.NCC-NorESM1-M.rcp45.r0i0p0.RCA4.v2.fx",110142,true,true
"cordex.output.WAS-44i.SMHI.NCC-NorESM1-M.rcp85.r0i0p0.RCA4.v2.fx",110142,true,true
"cordex.output.WAS-44i.SMHI.NOAA-GFDL-GFDL-ESM2M.historical.r0i0p0.RCA4.v2.fx",110194,true,true
"cordex.output.WAS-44i.SMHI.NOAA-GFDL-GFDL-ESM2M.rcp45.r0i0p0.RCA4.v2.fx",110166,true,true
"cordex.output.WAS-44i.SMHI.NOAA-GFDL-GFDL-ESM2M.rcp85.r0i0p0.RCA4.v2.fx",110166,true,true
